[{"name":"junit.extensions.ActiveTestSuite","metrics":[{"name":"coverage","value":72.4},{"name":"duplicated_lines","value":0.0},{"name":"duplicated_lines_density","value":0.0}]},{"name":"src.test.java.junit.tests.extensions.ActiveTestTest","metrics":[{"name":"duplicated_lines","value":0.0},{"name":"duplicated_lines_density","value":0.0}]},{"name":"org.junit.After","metrics":[{"name":"duplicated_lines","value":0.0},{"name":"duplicated_lines_density","value":0.0}]},{"name":"org.junit.AfterClass","metrics":[{"name":"duplicated_lines","value":0.0},{"name":"duplicated_lines_density","value":0.0}]},{"name":"src.test.java.org.junit.tests.assertion.AllAssertionTests","metrics":[{"name":"duplicated_lines","value":0.0},{"name":"duplicated_lines_density","value":0.0}]},{"name":"src.test.java.org.junit.experimental.categories.AllCategoriesTests","metrics":[{"name":"duplicated_lines","value":0.0},{"name":"duplicated_lines_density","value":0.0}]},{"name":"src.test.java.org.junit.tests.running.classes.AllClassesTests","metrics":[{"name":"duplicated_lines","value":0.0},{"name":"duplicated_lines_density","value":0.0}]},{"name":"src.test.java.org.junit.tests.running.core.AllCoreTests","metrics":[{"name":"duplicated_lines","value":0.0},{"name":"duplicated_lines_density","value":0.0}]},{"name":"org.junit.internal.builders.AllDefaultPossibilitiesBuilder","metrics":[{"name":"coverage","value":77.4},{"name":"duplicated_lines","value":0.0},{"name":"duplicated_lines_density","value":0.0}]},{"name":"src.test.java.org.junit.tests.deprecated.AllDeprecatedTests","metrics":[{"name":"duplicated_lines","value":0.0},{"name":"duplicated_lines_density","value":0.0}]},{"name":"src.test.java.org.junit.tests.description.AllDescriptionTests","metrics":[{"name":"duplicated_lines","value":0.0},{"name":"duplicated_lines_density","value":0.0}]},{"name":"src.test.java.org.junit.tests.experimental.AllExperimentalTests","metrics":[{"name":"duplicated_lines","value":0.0},{"name":"duplicated_lines_density","value":0.0}]},{"name":"src.test.java.org.junit.internal.AllInternalTests","metrics":[{"name":"duplicated_lines","value":0.0},{"name":"duplicated_lines_density","value":0.0}]},{"name":"src.test.java.org.junit.tests.junit3compatibility.AllJUnit3CompatibilityTests","metrics":[{"name":"duplicated_lines","value":0.0},{"name":"duplicated_lines_density","value":0.0}]},{"name":"src.test.java.org.junit.tests.listening.AllListeningTests","metrics":[{"name":"duplicated_lines","value":0.0},{"name":"duplicated_lines_density","value":0.0}]},{"name":"src.test.java.org.junit.tests.manipulation.AllManipulationTests","metrics":[{"name":"duplicated_lines","value":0.0},{"name":"duplicated_lines_density","value":0.0}]},{"name":"src.test.java.org.junit.tests.experimental.max.AllMaxTests","metrics":[{"name":"duplicated_lines","value":0.0},{"name":"duplicated_lines_density","value":0.0}]},{"name":"org.junit.experimental.theories.internal.AllMembersSupplier","metrics":[{"name":"coverage","value":92.9},{"name":"duplicated_lines","value":0.0},{"name":"duplicated_lines_density","value":0.0}]},{"name":"src.test.java.org.junit.tests.experimental.theories.internal.AllMembersSupplierTest","metrics":[{"name":"duplicated_lines","value":0.0},{"name":"duplicated_lines_density","value":0.0}]},{"name":"src.test.java.org.junit.tests.running.methods.AllMethodsTests","metrics":[{"name":"duplicated_lines","value":0.0},{"name":"duplicated_lines_density","value":0.0}]},{"name":"src.test.java.org.junit.runners.model.AllModelTests","metrics":[{"name":"duplicated_lines","value":0.0},{"name":"duplicated_lines_density","value":0.0}]},{"name":"src.test.java.org.junit.runner.notification.AllNotificationTests","metrics":[{"name":"duplicated_lines","value":0.0},{"name":"duplicated_lines_density","value":0.0}]},{"name":"src.test.java.org.junit.tests.experimental.parallel.AllParallelTests","metrics":[{"name":"duplicated_lines","value":0.0},{"name":"duplicated_lines_density","value":0.0}]},{"name":"src.test.java.org.junit.runners.parameterized.AllParameterizedTests","metrics":[{"name":"duplicated_lines","value":0.0},{"name":"duplicated_lines_density","value":0.0}]},{"name":"src.test.java.org.junit.tests.experimental.results.AllResultsTests","metrics":[{"name":"duplicated_lines","value":0.0},{"name":"duplicated_lines_density","value":0.0}]},{"name":"src.test.java.org.junit.rules.AllRulesTests","metrics":[{"name":"duplicated_lines","value":0.0},{"name":"duplicated_lines_density","value":0.0}]},{"name":"src.test.java.org.junit.runners.AllRunnersTests","metrics":[{"name":"duplicated_lines","value":0.0},{"name":"duplicated_lines_density","value":0.0}]},{"name":"src.test.java.org.junit.runner.AllRunnerTests","metrics":[{"name":"duplicated_lines","value":0.0},{"name":"duplicated_lines_density","value":0.0}]},{"name":"src.test.java.org.junit.tests.running.AllRunningTests","metrics":[{"name":"duplicated_lines","value":0.0},{"name":"duplicated_lines_density","value":0.0}]},{"name":"src.test.java.org.junit.samples.AllSamplesTests","metrics":[{"name":"duplicated_lines","value":0.0},{"name":"duplicated_lines_density","value":0.0}]},{"name":"org.junit.runners.AllTests","metrics":[{"name":"coverage","value":100.0},{"name":"duplicated_lines","value":0.0},{"name":"duplicated_lines_density","value":0.0}]},{"name":"src.test.java.junit.tests.extensions.AllTests","metrics":[{"name":"duplicated_lines","value":0.0},{"name":"duplicated_lines_density","value":0.0}]},{"name":"src.test.java.junit.tests.framework.AllTests","metrics":[{"name":"duplicated_lines","value":0.0},{"name":"duplicated_lines_density","value":0.0}]},{"name":"src.test.java.junit.tests.runner.AllTests","metrics":[{"name":"duplicated_lines","value":0.0},{"name":"duplicated_lines_density","value":0.0}]},{"name":"src.test.java.junit.tests.AllTests","metrics":[{"name":"duplicated_lines","value":0.0},{"name":"duplicated_lines_density","value":0.0}]},{"name":"src.test.java.junit.samples.AllTests","metrics":[{"name":"duplicated_lines","value":0.0},{"name":"duplicated_lines_density","value":0.0}]},{"name":"src.test.java.org.junit.tests.AllTests","metrics":[{"name":"duplicated_lines","value":0.0},{"name":"duplicated_lines_density","value":0.0}]},{"name":"src.test.java.org.junit.tests.junit3compatibility.AllTestsTest","metrics":[{"name":"duplicated_lines","value":0.0},{"name":"duplicated_lines_density","value":0.0}]},{"name":"src.test.java.org.junit.tests.experimental.theories.internal.AllTheoriesInternalTests","metrics":[{"name":"duplicated_lines","value":0.0},{"name":"duplicated_lines_density","value":0.0}]},{"name":"src.test.java.org.junit.tests.experimental.theories.runner.AllTheoriesRunnerTests","metrics":[{"name":"duplicated_lines","value":0.0},{"name":"duplicated_lines_density","value":0.0}]},{"name":"src.test.java.org.junit.tests.experimental.theories.AllTheoriesTests","metrics":[{"name":"duplicated_lines","value":0.0},{"name":"duplicated_lines_density","value":0.0}]},{"name":"src.test.java.org.junit.tests.validation.AllValidationTests","metrics":[{"name":"duplicated_lines","value":0.0},{"name":"duplicated_lines_density","value":0.0}]},{"name":"src.test.java.org.junit.validator.AllValidatorTests","metrics":[{"name":"duplicated_lines","value":0.0},{"name":"duplicated_lines_density","value":0.0}]},{"name":"org.junit.runner.manipulation.Alphanumeric","metrics":[{"name":"coverage","value":100.0},{"name":"duplicated_lines","value":0.0},{"name":"duplicated_lines_density","value":0.0}]},{"name":"src.test.java.org.junit.tests.manipulation.AlphanumericOrdering","metrics":[{"name":"duplicated_lines","value":0.0},{"name":"duplicated_lines_density","value":0.0}]},{"name":"org.junit.runners.model.Annotatable","metrics":[{"name":"duplicated_lines","value":0.0},{"name":"duplicated_lines_density","value":0.0}]},{"name":"org.junit.internal.builders.AnnotatedBuilder","metrics":[{"name":"coverage","value":100.0},{"name":"duplicated_lines","value":0.0},{"name":"duplicated_lines_density","value":0.0}]},{"name":"src.test.java.org.junit.internal.builders.AnnotatedBuilderTest","metrics":[{"name":"duplicated_lines","value":0.0},{"name":"duplicated_lines_density","value":0.0}]},{"name":"src.test.java.org.junit.tests.description.AnnotatedDescriptionTest","metrics":[{"name":"duplicated_lines","value":0.0},{"name":"duplicated_lines_density","value":0.0}]},{"name":"org.junit.validator.AnnotationsValidator","metrics":[{"name":"coverage","value":100.0},{"name":"duplicated_lines","value":0.0},{"name":"duplicated_lines_density","value":0.0}]},{"name":"src.test.java.org.junit.validator.AnnotationsValidatorTest","metrics":[{"name":"duplicated_lines","value":0.0},{"name":"duplicated_lines_density","value":0.0}]},{"name":"src.test.java.org.junit.tests.running.methods.AnnotationTest","metrics":[{"name":"duplicated_lines","value":0.0},{"name":"duplicated_lines_density","value":0.0}]},{"name":"org.junit.validator.AnnotationValidator","metrics":[{"name":"coverage","value":60.0},{"name":"duplicated_lines","value":0.0},{"name":"duplicated_lines_density","value":0.0}]},{"name":"org.junit.validator.AnnotationValidatorFactory","metrics":[{"name":"coverage","value":100.0},{"name":"duplicated_lines","value":0.0},{"name":"duplicated_lines_density","value":0.0}]},{"name":"src.test.java.org.junit.validator.AnnotationValidatorFactoryTest","metrics":[{"name":"duplicated_lines","value":0.0},{"name":"duplicated_lines_density","value":0.0}]},{"name":"src.test.java.org.junit.tests.validation.anotherpackage","metrics":[{"name":"duplicated_lines","value":0.0}]},{"name":"org.junit.internal.ArrayComparisonFailure","metrics":[{"name":"coverage","value":96.6},{"name":"duplicated_lines","value":0.0},{"name":"duplicated_lines_density","value":0.0}]},{"name":"src.test.java.org.junit.internal.ArrayComparisonFailureTest","metrics":[{"name":"duplicated_lines","value":0.0},{"name":"duplicated_lines_density","value":0.0}]},{"name":"junit.framework.Assert","metrics":[{"name":"coverage","value":70.4},{"name":"duplicated_lines","value":46.0},{"name":"duplicated_lines_density","value":13.5}]},{"name":"org.junit.Assert","metrics":[{"name":"coverage","value":83.2},{"name":"duplicated_lines","value":62.0},{"name":"duplicated_lines_density","value":6.0}]},{"name":"src.test.java.org.junit.tests.assertion","metrics":[{"name":"duplicated_lines","value":0.0}]},{"name":"junit.framework.AssertionFailedError","metrics":[{"name":"coverage","value":100.0},{"name":"duplicated_lines","value":0.0},{"name":"duplicated_lines_density","value":0.0}]},{"name":"src.test.java.junit.tests.framework.AssertionFailedErrorTest","metrics":[{"name":"duplicated_lines","value":0.0},{"name":"duplicated_lines_density","value":0.0}]},{"name":"src.test.java.org.junit.tests.assertion.AssertionTest","metrics":[{"name":"duplicated_lines","value":0.0},{"name":"duplicated_lines_density","value":0.0}]},{"name":"src.test.java.junit.tests.framework.AssertTest","metrics":[{"name":"duplicated_lines","value":0.0},{"name":"duplicated_lines_density","value":0.0}]},{"name":"org.junit.experimental.theories.internal.Assignments","metrics":[{"name":"coverage","value":95.9},{"name":"duplicated_lines","value":0.0},{"name":"duplicated_lines_density","value":0.0}]},{"name":"org.junit.Assume","metrics":[{"name":"coverage","value":61.3},{"name":"duplicated_lines","value":0.0},{"name":"duplicated_lines_density","value":0.0}]},{"name":"src.test.java.org.junit.tests.experimental.theories.AssumingInTheoriesTest","metrics":[{"name":"duplicated_lines","value":0.0},{"name":"duplicated_lines_density","value":0.0}]},{"name":"src.test.java.org.junit.tests.experimental.AssumptionTest","metrics":[{"name":"duplicated_lines","value":0.0},{"name":"duplicated_lines_density","value":0.0}]},{"name":"org.junit.internal.AssumptionViolatedException","metrics":[{"name":"coverage","value":100.0},{"name":"duplicated_lines","value":0.0},{"name":"duplicated_lines_density","value":0.0}]},{"name":"org.junit.AssumptionViolatedException","metrics":[{"name":"coverage","value":100.0},{"name":"duplicated_lines","value":0.0},{"name":"duplicated_lines_density","value":0.0}]},{"name":"src.test.java.org.junit.AssumptionViolatedExceptionTest","metrics":[{"name":"duplicated_lines","value":0.0},{"name":"duplicated_lines_density","value":0.0}]},{"name":"src.test.java.org.junit.tests.validation.BadlyFormedClassesTest","metrics":[{"name":"duplicated_lines","value":0.0},{"name":"duplicated_lines_density","value":0.0}]},{"name":"junit.runner.BaseTestRunner","metrics":[{"name":"coverage","value":42.8},{"name":"duplicated_lines","value":0.0},{"name":"duplicated_lines_density","value":0.0}]},{"name":"src.test.java.junit.tests.runner.BaseTestRunnerTest","metrics":[{"name":"duplicated_lines","value":0.0},{"name":"duplicated_lines_density","value":0.0}]},{"name":"org.junit.Before","metrics":[{"name":"duplicated_lines","value":0.0},{"name":"duplicated_lines_density","value":0.0}]},{"name":"org.junit.BeforeClass","metrics":[{"name":"duplicated_lines","value":0.0},{"name":"duplicated_lines_density","value":0.0}]},{"name":"org.junit.runners.BlockJUnit4ClassRunner","metrics":[{"name":"coverage","value":97.8},{"name":"duplicated_lines","value":0.0},{"name":"duplicated_lines_density","value":0.0}]},{"name":"src.test.java.org.junit.rules.BlockJUnit4ClassRunnerOverrideTest","metrics":[{"name":"duplicated_lines","value":0.0},{"name":"duplicated_lines_density","value":0.0}]},{"name":"src.test.java.org.junit.tests.running.classes.BlockJUnit4ClassRunnerTest","metrics":[{"name":"duplicated_lines","value":0.0},{"name":"duplicated_lines_density","value":0.0}]},{"name":"org.junit.runners.parameterized.BlockJUnit4ClassRunnerWithParameters","metrics":[{"name":"coverage","value":92.7},{"name":"duplicated_lines","value":0.0},{"name":"duplicated_lines_density","value":0.0}]},{"name":"org.junit.runners.parameterized.BlockJUnit4ClassRunnerWithParametersFactory","metrics":[{"name":"coverage","value":100.0},{"name":"duplicated_lines","value":0.0},{"name":"duplicated_lines_density","value":0.0}]},{"name":"src.test.java.org.junit.runners.parameterized.BlockJUnit4ClassRunnerWithParametersTest","metrics":[{"name":"duplicated_lines","value":0.0},{"name":"duplicated_lines_density","value":0.0}]},{"name":"org.junit.experimental.theories.internal.BooleanSupplier","metrics":[{"name":"coverage","value":100.0},{"name":"duplicated_lines","value":0.0},{"name":"duplicated_lines_density","value":0.0}]},{"name":"org.junit.internal.builders","metrics":[{"name":"coverage","value":90.2},{"name":"duplicated_lines","value":0.0},{"name":"duplicated_lines_density","value":0.0}]},{"name":"src.test.java.org.junit.internal.builders","metrics":[{"name":"duplicated_lines","value":0.0}]},{"name":"org.junit.experimental.categories","metrics":[{"name":"coverage","value":97.8},{"name":"duplicated_lines","value":0.0},{"name":"duplicated_lines_density","value":0.0}]},{"name":"org.junit.experimental.categories.Categories","metrics":[{"name":"coverage","value":97.8},{"name":"duplicated_lines","value":0.0},{"name":"duplicated_lines_density","value":0.0}]},{"name":"src.test.java.org.junit.experimental.categories.CategoriesAndParameterizedTest","metrics":[{"name":"duplicated_lines","value":0.0},{"name":"duplicated_lines_density","value":0.0}]},{"name":"org.junit.experimental.categories.Category","metrics":[{"name":"duplicated_lines","value":0.0},{"name":"duplicated_lines_density","value":0.0}]},{"name":"org.junit.experimental.categories.CategoryFilterFactory","metrics":[{"name":"coverage","value":100.0},{"name":"duplicated_lines","value":0.0},{"name":"duplicated_lines_density","value":0.0}]},{"name":"src.test.java.org.junit.experimental.categories.CategoryFilterFactoryTest","metrics":[{"name":"duplicated_lines","value":0.0},{"name":"duplicated_lines_density","value":0.0}]},{"name":"src.test.java.org.junit.experimental.categories.CategoryTest","metrics":[{"name":"duplicated_lines","value":0.0},{"name":"duplicated_lines_density","value":0.0}]},{"name":"org.junit.experimental.categories.CategoryValidator","metrics":[{"name":"coverage","value":100.0},{"name":"duplicated_lines","value":0.0},{"name":"duplicated_lines_density","value":0.0}]},{"name":"src.test.java.org.junit.experimental.categories.CategoryValidatorTest","metrics":[{"name":"duplicated_lines","value":0.0},{"name":"duplicated_lines_density","value":0.0}]},{"name":"org.junit.internal.Checks","metrics":[{"name":"coverage","value":100.0},{"name":"duplicated_lines","value":0.0},{"name":"duplicated_lines_density","value":0.0}]},{"name":"src.test.java.org.junit.internal.ChecksTest","metrics":[{"name":"duplicated_lines","value":0.0},{"name":"duplicated_lines_density","value":0.0}]},{"name":"src.test.java.org.junit.tests.running.classes","metrics":[{"name":"duplicated_lines","value":0.0}]},{"name":"org.junit.internal.Classes","metrics":[{"name":"coverage","value":57.1},{"name":"duplicated_lines","value":0.0},{"name":"duplicated_lines_density","value":0.0}]},{"name":"src.test.java.org.junit.tests.running.classes.ClassLevelMethodsWithIgnoredTestsTest","metrics":[{"name":"duplicated_lines","value":0.0},{"name":"duplicated_lines_density","value":0.0}]},{"name":"org.junit.internal.requests.ClassRequest","metrics":[{"name":"coverage","value":100.0},{"name":"duplicated_lines","value":0.0},{"name":"duplicated_lines_density","value":0.0}]},{"name":"src.test.java.org.junit.tests.junit3compatibility.ClassRequestTest","metrics":[{"name":"duplicated_lines","value":0.0},{"name":"duplicated_lines_density","value":0.0}]},{"name":"org.junit.internal.runners.ClassRoadie","metrics":[{"name":"coverage","value":51.2},{"name":"duplicated_lines","value":0.0},{"name":"duplicated_lines_density","value":0.0}]},{"name":"org.junit.ClassRule","metrics":[{"name":"duplicated_lines","value":0.0},{"name":"duplicated_lines_density","value":0.0}]},{"name":"src.test.java.org.junit.rules.ClassRulesTest","metrics":[{"name":"duplicated_lines","value":0.0},{"name":"duplicated_lines_density","value":0.0}]},{"name":"src.test.java.org.junit.tests.running.core.CommandLineTest","metrics":[{"name":"duplicated_lines","value":0.0},{"name":"duplicated_lines_density","value":0.0}]},{"name":"src.test.java.org.junit.tests.manipulation.ComparatorBasedOrdering","metrics":[{"name":"duplicated_lines","value":0.0},{"name":"duplicated_lines_density","value":0.0}]},{"name":"src.test.java.org.junit.tests.manipulation.Comparators","metrics":[{"name":"duplicated_lines","value":0.0},{"name":"duplicated_lines_density","value":0.0}]},{"name":"junit.framework.ComparisonCompactor","metrics":[{"name":"coverage","value":98.3},{"name":"duplicated_lines","value":0.0},{"name":"duplicated_lines_density","value":0.0}]},{"name":"src.test.java.junit.tests.framework.ComparisonCompactorTest","metrics":[{"name":"duplicated_lines","value":0.0},{"name":"duplicated_lines_density","value":0.0}]},{"name":"org.junit.internal.ComparisonCriteria","metrics":[{"name":"coverage","value":89.5},{"name":"duplicated_lines","value":0.0},{"name":"duplicated_lines_density","value":0.0}]},{"name":"junit.framework.ComparisonFailure","metrics":[{"name":"coverage","value":71.4},{"name":"duplicated_lines","value":0.0},{"name":"duplicated_lines_density","value":0.0}]},{"name":"org.junit.ComparisonFailure","metrics":[{"name":"coverage","value":90.6},{"name":"duplicated_lines","value":0.0},{"name":"duplicated_lines_density","value":0.0}]},{"name":"src.test.java.junit.tests.framework.ComparisonFailureTest","metrics":[{"name":"duplicated_lines","value":0.0},{"name":"duplicated_lines_density","value":0.0}]},{"name":"src.test.java.org.junit.tests.assertion.ComparisonFailureTest","metrics":[{"name":"duplicated_lines","value":0.0},{"name":"duplicated_lines_density","value":0.0}]},{"name":"org.junit.runner.Computer","metrics":[{"name":"coverage","value":100.0},{"name":"duplicated_lines","value":0.0},{"name":"duplicated_lines_density","value":0.0}]},{"name":"src.test.java.org.junit.runner.notification.ConcurrentRunNotifierTest","metrics":[{"name":"duplicated_lines","value":0.0},{"name":"duplicated_lines_density","value":0.0}]},{"name":"src.test.java.org.junit.tests.running.core","metrics":[{"name":"duplicated_lines","value":0.0}]},{"name":"src.test.java.org.junit.tests.experimental.theories.extendingwithstubs.Correspondent","metrics":[{"name":"duplicated_lines","value":0.0},{"name":"duplicated_lines_density","value":0.0}]},{"name":"org.junit.experimental.max.CouldNotReadCoreException","metrics":[{"name":"coverage","value":0.0},{"name":"duplicated_lines","value":0.0},{"name":"duplicated_lines_density","value":0.0}]},{"name":"src.test.java.org.junit.runners.CustomBlockJUnit4ClassRunnerTest","metrics":[{"name":"duplicated_lines","value":0.0},{"name":"duplicated_lines_density","value":0.0}]},{"name":"org.junit.experimental.theories.DataPoint","metrics":[{"name":"duplicated_lines","value":0.0},{"name":"duplicated_lines_density","value":0.0}]},{"name":"org.junit.experimental.theories.DataPoints","metrics":[{"name":"duplicated_lines","value":0.0},{"name":"duplicated_lines_density","value":0.0}]},{"name":"src.test.java.org.junit.tests.deprecated","metrics":[{"name":"duplicated_lines","value":0.0}]},{"name":"org.junit.runner.Describable","metrics":[{"name":"duplicated_lines","value":0.0},{"name":"duplicated_lines_density","value":0.0}]},{"name":"src.test.java.org.junit.tests.description","metrics":[{"name":"duplicated_lines","value":0.0}]},{"name":"org.junit.runner.Description","metrics":[{"name":"coverage","value":95.6},{"name":"duplicated_lines","value":0.0},{"name":"duplicated_lines_density","value":0.0}]},{"name":"src.test.java.org.junit.tests.experimental.max.DescriptionTest","metrics":[{"name":"duplicated_lines","value":0.0},{"name":"duplicated_lines_density","value":0.0}]},{"name":"org.junit.rules.DisableOnDebug","metrics":[{"name":"coverage","value":87.5},{"name":"duplicated_lines","value":0.0},{"name":"duplicated_lines_density","value":0.0}]},{"name":"src.test.java.org.junit.rules.DisableOnDebugTest","metrics":[{"name":"duplicated_lines","value":0.0},{"name":"duplicated_lines_density","value":0.0}]},{"name":"src.test.java.junit.tests.framework.DoublePrecisionAssertTest","metrics":[{"name":"duplicated_lines","value":0.0},{"name":"duplicated_lines_density","value":0.0}]},{"name":"org.junit.internal.runners.model.EachTestNotifier","metrics":[{"name":"coverage","value":92.9},{"name":"duplicated_lines","value":0.0},{"name":"duplicated_lines_density","value":0.0}]},{"name":"org.junit.experimental.runners.Enclosed","metrics":[{"name":"coverage","value":100.0},{"name":"duplicated_lines","value":0.0},{"name":"duplicated_lines_density","value":0.0}]},{"name":"src.test.java.org.junit.tests.running.classes.EnclosedTest","metrics":[{"name":"duplicated_lines","value":0.0},{"name":"duplicated_lines_density","value":0.0}]},{"name":"org.junit.experimental.theories.internal.EnumSupplier","metrics":[{"name":"coverage","value":100.0},{"name":"duplicated_lines","value":0.0},{"name":"duplicated_lines_density","value":0.0}]},{"name":"org.junit.rules.ErrorCollector","metrics":[{"name":"coverage","value":94.6},{"name":"duplicated_lines","value":0.0},{"name":"duplicated_lines_density","value":0.0}]},{"name":"src.test.java.org.junit.rules.ErrorCollectorTest","metrics":[{"name":"duplicated_lines","value":0.0},{"name":"duplicated_lines_density","value":0.0}]},{"name":"org.junit.internal.runners.ErrorReportingRunner","metrics":[{"name":"coverage","value":100.0},{"name":"duplicated_lines","value":0.0},{"name":"duplicated_lines_density","value":0.0}]},{"name":"src.test.java.org.junit.internal.runners.ErrorReportingRunnerTest","metrics":[{"name":"duplicated_lines","value":0.0},{"name":"duplicated_lines_density","value":0.0}]},{"name":"src.test.java.org.junit.rules.EventCollector","metrics":[{"name":"duplicated_lines","value":0.0},{"name":"duplicated_lines_density","value":0.0}]},{"name":"org.junit.internal.ExactComparisonCriteria","metrics":[{"name":"coverage","value":100.0},{"name":"duplicated_lines","value":0.0},{"name":"duplicated_lines_density","value":0.0}]},{"name":"org.junit.experimental.categories.ExcludeCategories","metrics":[{"name":"coverage","value":100.0},{"name":"duplicated_lines","value":0.0},{"name":"duplicated_lines_density","value":0.0}]},{"name":"org.junit.rules.ExpectedException","metrics":[{"name":"coverage","value":88.6},{"name":"duplicated_lines","value":0.0},{"name":"duplicated_lines_density","value":0.0}]},{"name":"org.junit.rules.ExpectedExceptionMatcherBuilder","metrics":[{"name":"coverage","value":100.0},{"name":"duplicated_lines","value":0.0},{"name":"duplicated_lines_density","value":0.0}]},{"name":"src.test.java.org.junit.rules.ExpectedExceptionTest","metrics":[{"name":"duplicated_lines","value":0.0},{"name":"duplicated_lines_density","value":0.0}]},{"name":"src.test.java.org.junit.tests.running.methods.ExpectedTest","metrics":[{"name":"duplicated_lines","value":0.0},{"name":"duplicated_lines_density","value":0.0}]},{"name":"org.junit.internal.runners.statements.ExpectException","metrics":[{"name":"coverage","value":100.0},{"name":"duplicated_lines","value":0.0},{"name":"duplicated_lines_density","value":0.0}]},{"name":"src.test.java.org.junit.internal.runners.statements.ExpectExceptionTest","metrics":[{"name":"duplicated_lines","value":0.0},{"name":"duplicated_lines_density","value":0.0}]},{"name":"org.junit.experimental","metrics":[{"name":"coverage","value":93.1},{"name":"duplicated_lines","value":0.0},{"name":"duplicated_lines_density","value":0.0}]},{"name":"src.test.java.org.junit.tests.experimental","metrics":[{"name":"duplicated_lines","value":0.0}]},{"name":"src.test.java.org.junit.experimental.categories","metrics":[{"name":"duplicated_lines","value":0.0}]},{"name":"src.test.java.org.junit.tests.experimental.theories.extendingwithstubs","metrics":[{"name":"duplicated_lines","value":0.0}]},{"name":"junit.extensions","metrics":[{"name":"coverage","value":82.4},{"name":"duplicated_lines","value":0.0},{"name":"duplicated_lines_density","value":0.0}]},{"name":"src.test.java.junit.tests.extensions","metrics":[{"name":"duplicated_lines","value":0.0}]},{"name":"src.test.java.junit.tests.extensions.ExtensionTest","metrics":[{"name":"duplicated_lines","value":0.0},{"name":"duplicated_lines_density","value":0.0}]},{"name":"org.junit.rules.ExternalResource","metrics":[{"name":"coverage","value":100.0},{"name":"duplicated_lines","value":0.0},{"name":"duplicated_lines_density","value":0.0}]},{"name":"src.test.java.org.junit.rules.ExternalResourceRuleTest","metrics":[{"name":"duplicated_lines","value":0.0},{"name":"duplicated_lines_density","value":0.0}]},{"name":"org.junit.internal.runners.statements.Fail","metrics":[{"name":"coverage","value":100.0},{"name":"duplicated_lines","value":0.0},{"name":"duplicated_lines_density","value":0.0}]},{"name":"org.junit.internal.runners.FailedBefore","metrics":[{"name":"coverage","value":0.0},{"name":"duplicated_lines","value":0.0},{"name":"duplicated_lines_density","value":0.0}]},{"name":"src.test.java.org.junit.tests.validation.FailedConstructionTest","metrics":[{"name":"duplicated_lines","value":0.0},{"name":"duplicated_lines_density","value":0.0}]},{"name":"src.test.java.org.junit.tests.experimental.theories.runner.FailingDataPointMethods","metrics":[{"name":"duplicated_lines","value":0.0},{"name":"duplicated_lines_density","value":0.0}]},{"name":"org.junit.internal.runners.statements.FailOnTimeout","metrics":[{"name":"coverage","value":83.0},{"name":"duplicated_lines","value":0.0},{"name":"duplicated_lines_density","value":0.0}]},{"name":"src.test.java.org.junit.internal.runners.statements.FailOnTimeoutTest","metrics":[{"name":"duplicated_lines","value":0.0},{"name":"duplicated_lines_density","value":0.0}]},{"name":"org.junit.runner.notification.Failure","metrics":[{"name":"coverage","value":100.0},{"name":"duplicated_lines","value":0.0},{"name":"duplicated_lines_density","value":0.0}]},{"name":"src.test.java.junit.tests.framework.Failure","metrics":[{"name":"duplicated_lines","value":0.0},{"name":"duplicated_lines_density","value":0.0}]},{"name":"org.junit.experimental.results.FailureList","metrics":[{"name":"coverage","value":85.7},{"name":"duplicated_lines","value":0.0},{"name":"duplicated_lines_density","value":0.0}]},{"name":"org.junit.internal.management.FakeRuntimeMXBean","metrics":[{"name":"coverage","value":0.0},{"name":"duplicated_lines","value":0.0},{"name":"duplicated_lines_density","value":0.0}]},{"name":"org.junit.internal.management.FakeThreadMXBean","metrics":[{"name":"coverage","value":0.0},{"name":"duplicated_lines","value":0.0},{"name":"duplicated_lines_density","value":0.0}]},{"name":"org.junit.runner.manipulation.Filter","metrics":[{"name":"coverage","value":79.1},{"name":"duplicated_lines","value":0.0},{"name":"duplicated_lines_density","value":0.0}]},{"name":"org.junit.runner.manipulation.Filterable","metrics":[{"name":"duplicated_lines","value":0.0},{"name":"duplicated_lines_density","value":0.0}]},{"name":"src.test.java.org.junit.tests.manipulation.FilterableTest","metrics":[{"name":"duplicated_lines","value":0.0},{"name":"duplicated_lines_density","value":0.0}]},{"name":"org.junit.runner.FilterFactories","metrics":[{"name":"coverage","value":95.0},{"name":"duplicated_lines","value":0.0},{"name":"duplicated_lines_density","value":0.0}]},{"name":"src.test.java.org.junit.runner.FilterFactoriesTest","metrics":[{"name":"duplicated_lines","value":0.0},{"name":"duplicated_lines_density","value":0.0}]},{"name":"org.junit.runner.FilterFactory","metrics":[{"name":"coverage","value":100.0},{"name":"duplicated_lines","value":0.0},{"name":"duplicated_lines_density","value":0.0}]},{"name":"org.junit.runner.FilterFactoryParams","metrics":[{"name":"coverage","value":75.0},{"name":"duplicated_lines","value":0.0},{"name":"duplicated_lines_density","value":0.0}]},{"name":"src.test.java.org.junit.runner.FilterOptionIntegrationTest","metrics":[{"name":"duplicated_lines","value":0.0},{"name":"duplicated_lines_density","value":0.0}]},{"name":"org.junit.internal.requests.FilterRequest","metrics":[{"name":"coverage","value":100.0},{"name":"duplicated_lines","value":0.0},{"name":"duplicated_lines_density","value":0.0}]},{"name":"src.test.java.org.junit.tests.manipulation.FilterTest","metrics":[{"name":"duplicated_lines","value":0.0},{"name":"duplicated_lines_density","value":0.0}]},{"name":"org.junit.FixMethodOrder","metrics":[{"name":"duplicated_lines","value":0.0},{"name":"duplicated_lines_density","value":0.0}]},{"name":"src.test.java.junit.tests.framework.FloatAssertTest","metrics":[{"name":"duplicated_lines","value":0.0},{"name":"duplicated_lines_density","value":0.0}]},{"name":"src.test.java.org.junit.tests.junit3compatibility.ForwardCompatibilityPrintingTest","metrics":[{"name":"duplicated_lines","value":0.0},{"name":"duplicated_lines_density","value":0.0}]},{"name":"src.test.java.org.junit.tests.junit3compatibility.ForwardCompatibilityTest","metrics":[{"name":"duplicated_lines","value":0.0},{"name":"duplicated_lines_density","value":0.0}]},{"name":"junit.framework","metrics":[{"name":"coverage","value":79.0},{"name":"duplicated_lines","value":46.0},{"name":"duplicated_lines_density","value":2.5}]},{"name":"src.test.java.junit.tests.framework","metrics":[{"name":"duplicated_lines","value":0.0}]},{"name":"org.junit.runners.model.FrameworkField","metrics":[{"name":"coverage","value":95.8},{"name":"duplicated_lines","value":0.0},{"name":"duplicated_lines_density","value":0.0}]},{"name":"src.test.java.org.junit.runners.model.FrameworkFieldTest","metrics":[{"name":"duplicated_lines","value":0.0},{"name":"duplicated_lines_density","value":0.0}]},{"name":"org.junit.runners.model.FrameworkMember","metrics":[{"name":"coverage","value":100.0},{"name":"duplicated_lines","value":0.0},{"name":"duplicated_lines_density","value":0.0}]},{"name":"org.junit.runners.model.FrameworkMethod","metrics":[{"name":"coverage","value":82.7},{"name":"duplicated_lines","value":0.0},{"name":"duplicated_lines_density","value":0.0}]},{"name":"src.test.java.org.junit.runners.model.FrameworkMethodTest","metrics":[{"name":"duplicated_lines","value":0.0},{"name":"duplicated_lines_density","value":0.0}]},{"name":"org.junit.experimental.theories.FromDataPoints","metrics":[{"name":"duplicated_lines","value":0.0},{"name":"duplicated_lines_density","value":0.0}]},{"name":"org.junit.function","metrics":[{"name":"duplicated_lines","value":0.0},{"name":"duplicated_lines_density","value":0.0}]},{"name":"src.test.java.org.junit.tests.experimental.theories.extendingwithstubs.Guesser","metrics":[{"name":"duplicated_lines","value":0.0},{"name":"duplicated_lines_density","value":0.0}]},{"name":"src.test.java.org.junit.tests.experimental.theories.extendingwithstubs.GuesserQueue","metrics":[{"name":"duplicated_lines","value":0.0},{"name":"duplicated_lines_density","value":0.0}]},{"name":"org.junit.Ignore","metrics":[{"name":"duplicated_lines","value":0.0},{"name":"duplicated_lines_density","value":0.0}]},{"name":"src.test.java.org.junit.tests.running.classes.IgnoreClassTest","metrics":[{"name":"duplicated_lines","value":0.0},{"name":"duplicated_lines_density","value":0.0}]},{"name":"org.junit.internal.builders.IgnoredBuilder","metrics":[{"name":"coverage","value":100.0},{"name":"duplicated_lines","value":0.0},{"name":"duplicated_lines_density","value":0.0}]},{"name":"org.junit.internal.builders.IgnoredClassRunner","metrics":[{"name":"coverage","value":100.0},{"name":"duplicated_lines","value":0.0},{"name":"duplicated_lines_density","value":0.0}]},{"name":"src.test.java.junit.samples.money.IMoney","metrics":[{"name":"duplicated_lines","value":0.0},{"name":"duplicated_lines_density","value":0.0}]},{"name":"org.junit.experimental.categories.IncludeCategories","metrics":[{"name":"coverage","value":85.7},{"name":"duplicated_lines","value":0.0},{"name":"duplicated_lines_density","value":0.0}]},{"name":"org.junit.internal.InexactComparisonCriteria","metrics":[{"name":"coverage","value":91.7},{"name":"duplicated_lines","value":0.0},{"name":"duplicated_lines_density","value":0.0}]},{"name":"src.test.java.junit.tests.framework.InheritedTestCase","metrics":[{"name":"duplicated_lines","value":0.0},{"name":"duplicated_lines_density","value":0.0}]},{"name":"src.test.java.org.junit.tests.running.methods.InheritedTestTest","metrics":[{"name":"duplicated_lines","value":0.0},{"name":"duplicated_lines_density","value":0.0}]},{"name":"org.junit.internal.runners.InitializationError","metrics":[{"name":"coverage","value":50.0},{"name":"duplicated_lines","value":0.0},{"name":"duplicated_lines_density","value":0.0}]},{"name":"org.junit.runners.model.InitializationError","metrics":[{"name":"coverage","value":100.0},{"name":"duplicated_lines","value":0.0},{"name":"duplicated_lines_density","value":0.0}]},{"name":"src.test.java.org.junit.tests.junit3compatibility.InitializationErrorForwardCompatibilityTest","metrics":[{"name":"duplicated_lines","value":0.0},{"name":"duplicated_lines_density","value":0.0}]},{"name":"org.junit.experimental.theories.internal","metrics":[{"name":"coverage","value":95.8},{"name":"duplicated_lines","value":0.0},{"name":"duplicated_lines_density","value":0.0}]},{"name":"org.junit.internal","metrics":[{"name":"coverage","value":80.7},{"name":"duplicated_lines","value":0.0},{"name":"duplicated_lines_density","value":0.0}]},{"name":"src.test.java.org.junit.tests.experimental.theories.internal","metrics":[{"name":"duplicated_lines","value":0.0}]},{"name":"src.test.java.org.junit.internal","metrics":[{"name":"duplicated_lines","value":0.0}]},{"name":"org.junit.runner.manipulation.InvalidOrderingException","metrics":[{"name":"coverage","value":0.0},{"name":"duplicated_lines","value":0.0},{"name":"duplicated_lines_density","value":0.0}]},{"name":"org.junit.runners.model.InvalidTestClassError","metrics":[{"name":"coverage","value":100.0},{"name":"duplicated_lines","value":0.0},{"name":"duplicated_lines_density","value":0.0}]},{"name":"src.test.java.org.junit.runners.model.InvalidTestClassErrorTest","metrics":[{"name":"duplicated_lines","value":0.0},{"name":"duplicated_lines_density","value":0.0}]},{"name":"org.junit.internal.runners.statements.InvokeMethod","metrics":[{"name":"coverage","value":100.0},{"name":"duplicated_lines","value":0.0},{"name":"duplicated_lines_density","value":0.0}]},{"name":"src.test.java.org.junit.experimental.categories.JavadocTest","metrics":[{"name":"duplicated_lines","value":0.0},{"name":"duplicated_lines_density","value":0.0}]},{"name":"junit","metrics":[{"name":"coverage","value":69.8},{"name":"duplicated_lines","value":46.0},{"name":"duplicated_lines_density","value":1.7}]},{"name":"src.test.java.junit","metrics":[{"name":"duplicated_lines","value":0.0}]},{"name":"org.junit.internal.runners.JUnit38ClassRunner","metrics":[{"name":"coverage","value":91.5},{"name":"duplicated_lines","value":0.0},{"name":"duplicated_lines_density","value":0.0}]},{"name":"src.test.java.org.junit.tests.junit3compatibility.JUnit38ClassRunnerTest","metrics":[{"name":"duplicated_lines","value":0.0},{"name":"duplicated_lines_density","value":0.0}]},{"name":"src.test.java.org.junit.tests.experimental.max.JUnit38SortingTest","metrics":[{"name":"duplicated_lines","value":0.0},{"name":"duplicated_lines_density","value":0.0}]},{"name":"org.junit.internal.builders.JUnit3Builder","metrics":[{"name":"coverage","value":100.0},{"name":"duplicated_lines","value":0.0},{"name":"duplicated_lines_density","value":0.0}]},{"name":"src.test.java.org.junit.tests.junit3compatibility","metrics":[{"name":"duplicated_lines","value":0.0}]},{"name":"org.junit.runners.JUnit4","metrics":[{"name":"coverage","value":100.0},{"name":"duplicated_lines","value":0.0},{"name":"duplicated_lines_density","value":0.0}]},{"name":"org.junit.internal.builders.JUnit4Builder","metrics":[{"name":"coverage","value":100.0},{"name":"duplicated_lines","value":0.0},{"name":"duplicated_lines_density","value":0.0}]},{"name":"org.junit.internal.runners.JUnit4ClassRunner","metrics":[{"name":"coverage","value":71.4},{"name":"duplicated_lines","value":0.0},{"name":"duplicated_lines_density","value":0.0}]},{"name":"src.test.java.org.junit.tests.deprecated.JUnit4ClassRunnerTest","metrics":[{"name":"duplicated_lines","value":0.0},{"name":"duplicated_lines_density","value":0.0}]},{"name":"junit.framework.JUnit4TestAdapter","metrics":[{"name":"coverage","value":97.4},{"name":"duplicated_lines","value":0.0},{"name":"duplicated_lines_density","value":0.0}]},{"name":"junit.framework.JUnit4TestAdapterCache","metrics":[{"name":"coverage","value":95.3},{"name":"duplicated_lines","value":0.0},{"name":"duplicated_lines_density","value":0.0}]},{"name":"src.test.java.org.junit.tests.junit3compatibility.JUnit4TestAdapterTest","metrics":[{"name":"duplicated_lines","value":0.0},{"name":"duplicated_lines_density","value":0.0}]},{"name":"junit.framework.JUnit4TestCaseFacade","metrics":[{"name":"coverage","value":85.7},{"name":"duplicated_lines","value":0.0},{"name":"duplicated_lines_density","value":0.0}]},{"name":"org.junit.runner.JUnitCommandLineParseResult","metrics":[{"name":"coverage","value":100.0},{"name":"duplicated_lines","value":0.0},{"name":"duplicated_lines_density","value":0.0}]},{"name":"src.test.java.org.junit.runner.JUnitCommandLineParseResultTest","metrics":[{"name":"duplicated_lines","value":0.0},{"name":"duplicated_lines_density","value":0.0}]},{"name":"org.junit.runner.JUnitCore","metrics":[{"name":"coverage","value":93.8},{"name":"duplicated_lines","value":0.0},{"name":"duplicated_lines_density","value":0.0}]},{"name":"src.test.java.org.junit.tests.running.core.JUnitCoreReturnsCorrectExitCodeTest","metrics":[{"name":"duplicated_lines","value":0.0},{"name":"duplicated_lines_density","value":0.0}]},{"name":"src.test.java.org.junit.runner.JUnitCoreTest","metrics":[{"name":"duplicated_lines","value":0.0},{"name":"duplicated_lines_density","value":0.0}]},{"name":"org.junit.matchers.JUnitMatchers","metrics":[{"name":"coverage","value":9.1},{"name":"duplicated_lines","value":0.0},{"name":"duplicated_lines_density","value":0.0}]},{"name":"org.junit.internal.JUnitSystem","metrics":[{"name":"duplicated_lines","value":0.0},{"name":"duplicated_lines_density","value":0.0}]},{"name":"src.test.java.org.junit.tests.listening.ListenerTest","metrics":[{"name":"duplicated_lines","value":0.0},{"name":"duplicated_lines_density","value":0.0}]},{"name":"src.test.java.org.junit.tests.listening","metrics":[{"name":"duplicated_lines","value":0.0}]},{"name":"src.test.java.junit.samples.ListTest","metrics":[{"name":"duplicated_lines","value":0.0},{"name":"duplicated_lines_density","value":0.0}]},{"name":"src.test.java.org.junit.samples.ListTest","metrics":[{"name":"duplicated_lines","value":0.0},{"name":"duplicated_lines_density","value":0.0}]},{"name":"src.test.java.org.junit.rules.LoggingMethodRule","metrics":[{"name":"duplicated_lines","value":0.0},{"name":"duplicated_lines_density","value":0.0}]},{"name":"src.test.java.org.junit.rules.LoggingStatement","metrics":[{"name":"duplicated_lines","value":0.0},{"name":"duplicated_lines_density","value":0.0}]},{"name":"src.test.java.org.junit.rules.LoggingTestRule","metrics":[{"name":"duplicated_lines","value":0.0},{"name":"duplicated_lines_density","value":0.0}]},{"name":"src.test.java.org.junit.rules.LoggingTestWatcher","metrics":[{"name":"duplicated_lines","value":0.0},{"name":"duplicated_lines_density","value":0.0}]},{"name":"src.main.java","metrics":[{"name":"coverage","value":84.9},{"name":"duplicated_lines","value":108.0},{"name":"duplicated_lines_density","value":0.5}]},{"name":"src.test.java.org.junit.tests.running.core.MainRunner","metrics":[{"name":"duplicated_lines","value":0.0},{"name":"duplicated_lines_density","value":0.0}]},{"name":"org.junit.internal.management","metrics":[{"name":"coverage","value":33.0},{"name":"duplicated_lines","value":0.0},{"name":"duplicated_lines_density","value":0.0}]},{"name":"org.junit.internal.management.ManagementFactory","metrics":[{"name":"coverage","value":43.8},{"name":"duplicated_lines","value":0.0},{"name":"duplicated_lines_density","value":0.0}]},{"name":"org.junit.runner.manipulation","metrics":[{"name":"coverage","value":64.2},{"name":"duplicated_lines","value":0.0},{"name":"duplicated_lines_density","value":0.0}]},{"name":"src.test.java.org.junit.tests.manipulation","metrics":[{"name":"duplicated_lines","value":0.0}]},{"name":"org.junit.internal.matchers","metrics":[{"name":"coverage","value":50.0},{"name":"duplicated_lines","value":0.0},{"name":"duplicated_lines_density","value":0.0}]},{"name":"org.junit.matchers","metrics":[{"name":"coverage","value":9.1},{"name":"duplicated_lines","value":0.0},{"name":"duplicated_lines_density","value":0.0}]},{"name":"src.test.java.org.junit.internal.matchers","metrics":[{"name":"duplicated_lines","value":0.0}]},{"name":"src.test.java.org.junit.tests.experimental.MatcherTest","metrics":[{"name":"duplicated_lines","value":0.0},{"name":"duplicated_lines_density","value":0.0}]},{"name":"org.junit.experimental.max","metrics":[{"name":"coverage","value":85.0},{"name":"duplicated_lines","value":0.0},{"name":"duplicated_lines_density","value":0.0}]},{"name":"src.test.java.org.junit.tests.experimental.max","metrics":[{"name":"duplicated_lines","value":0.0}]},{"name":"org.junit.experimental.max.MaxCore","metrics":[{"name":"coverage","value":80.3},{"name":"duplicated_lines","value":0.0},{"name":"duplicated_lines_density","value":0.0}]},{"name":"org.junit.experimental.max.MaxHistory","metrics":[{"name":"coverage","value":91.7},{"name":"duplicated_lines","value":0.0},{"name":"duplicated_lines_density","value":0.0}]},{"name":"src.test.java.org.junit.tests.experimental.max.MaxStarterTest","metrics":[{"name":"duplicated_lines","value":0.0},{"name":"duplicated_lines_density","value":0.0}]},{"name":"org.junit.runners.model.MemberValueConsumer","metrics":[{"name":"duplicated_lines","value":0.0},{"name":"duplicated_lines_density","value":0.0}]},{"name":"org.junit.internal.requests.MemoizingRequest","metrics":[{"name":"coverage","value":91.7},{"name":"duplicated_lines","value":0.0},{"name":"duplicated_lines_density","value":0.0}]},{"name":"src.test.java.org.junit.tests.experimental.theories.extendingwithstubs.MethodCall","metrics":[{"name":"duplicated_lines","value":0.0},{"name":"duplicated_lines_density","value":0.0}]},{"name":"org.junit.internal.runners.MethodRoadie","metrics":[{"name":"coverage","value":44.3},{"name":"duplicated_lines","value":0.0},{"name":"duplicated_lines_density","value":0.0}]},{"name":"org.junit.rules.MethodRule","metrics":[{"name":"duplicated_lines","value":0.0},{"name":"duplicated_lines_density","value":0.0}]},{"name":"src.test.java.org.junit.rules.MethodRulesTest","metrics":[{"name":"duplicated_lines","value":0.0},{"name":"duplicated_lines_density","value":0.0}]},{"name":"src.test.java.org.junit.tests.running.methods","metrics":[{"name":"duplicated_lines","value":0.0}]},{"name":"org.junit.internal.MethodSorter","metrics":[{"name":"coverage","value":100.0},{"name":"duplicated_lines","value":0.0},{"name":"duplicated_lines_density","value":0.0}]},{"name":"org.junit.runners.MethodSorters","metrics":[{"name":"coverage","value":100.0},{"name":"duplicated_lines","value":0.0},{"name":"duplicated_lines_density","value":0.0}]},{"name":"src.test.java.org.junit.internal.MethodSorterTest","metrics":[{"name":"duplicated_lines","value":0.0},{"name":"duplicated_lines_density","value":0.0}]},{"name":"org.junit.internal.runners.MethodValidator","metrics":[{"name":"coverage","value":74.6},{"name":"duplicated_lines","value":0.0},{"name":"duplicated_lines_density","value":0.0}]},{"name":"org.junit.internal.runners.model","metrics":[{"name":"coverage","value":94.1},{"name":"duplicated_lines","value":0.0},{"name":"duplicated_lines_density","value":0.0}]},{"name":"org.junit.runners.model","metrics":[{"name":"coverage","value":89.8},{"name":"duplicated_lines","value":0.0},{"name":"duplicated_lines_density","value":0.0}]},{"name":"src.test.java.org.junit.runners.model","metrics":[{"name":"duplicated_lines","value":0.0}]},{"name":"src.test.java.junit.samples.money","metrics":[{"name":"duplicated_lines","value":0.0}]},{"name":"src.test.java.org.junit.samples.money","metrics":[{"name":"duplicated_lines","value":0.0}]},{"name":"src.test.java.junit.samples.money.Money","metrics":[{"name":"duplicated_lines","value":0.0},{"name":"duplicated_lines_density","value":0.0}]},{"name":"src.test.java.junit.samples.money.MoneyBag","metrics":[{"name":"duplicated_lines","value":0.0},{"name":"duplicated_lines_density","value":0.0}]},{"name":"src.test.java.junit.samples.money.MoneyTest","metrics":[{"name":"duplicated_lines","value":0.0},{"name":"duplicated_lines_density","value":0.0}]},{"name":"src.test.java.org.junit.samples.money.MoneyTest","metrics":[{"name":"duplicated_lines","value":0.0},{"name":"duplicated_lines_density","value":0.0}]},{"name":"src.test.java.org.junit.experimental.categories.MultiCategoryTest","metrics":[{"name":"duplicated_lines","value":0.0},{"name":"duplicated_lines_density","value":0.0}]},{"name":"org.junit.internal.runners.model.MultipleFailureException","metrics":[{"name":"coverage","value":100.0},{"name":"duplicated_lines","value":0.0},{"name":"duplicated_lines_density","value":0.0}]},{"name":"org.junit.runners.model.MultipleFailureException","metrics":[{"name":"coverage","value":63.5},{"name":"duplicated_lines","value":0.0},{"name":"duplicated_lines_density","value":0.0}]},{"name":"src.test.java.org.junit.tests.assertion.MultipleFailureExceptionTest","metrics":[{"name":"duplicated_lines","value":0.0},{"name":"duplicated_lines_density","value":0.0}]},{"name":"src.test.java.org.junit.rules.NameRulesTest","metrics":[{"name":"duplicated_lines","value":0.0},{"name":"duplicated_lines_density","value":0.0}]},{"name":"src.test.java.junit.tests.framework.NoArgTestCaseTest","metrics":[{"name":"duplicated_lines","value":0.0},{"name":"duplicated_lines_density","value":0.0}]},{"name":"org.junit.runners.model.NoGenericTypeParametersValidator","metrics":[{"name":"coverage","value":100.0},{"name":"duplicated_lines","value":0.0},{"name":"duplicated_lines_density","value":0.0}]},{"name":"src.test.java.junit.tests.framework.NoTestCaseClass","metrics":[{"name":"duplicated_lines","value":0.0},{"name":"duplicated_lines_density","value":0.0}]},{"name":"src.test.java.junit.tests.framework.NoTestCases","metrics":[{"name":"duplicated_lines","value":0.0},{"name":"duplicated_lines_density","value":0.0}]},{"name":"org.junit.runner.manipulation.NoTestsRemainException","metrics":[{"name":"coverage","value":100.0},{"name":"duplicated_lines","value":0.0},{"name":"duplicated_lines_density","value":0.0}]},{"name":"org.junit.runner.notification","metrics":[{"name":"coverage","value":95.5},{"name":"duplicated_lines","value":0.0},{"name":"duplicated_lines_density","value":0.0}]},{"name":"src.test.java.org.junit.runner.notification","metrics":[{"name":"duplicated_lines","value":0.0}]},{"name":"src.test.java.junit.tests.framework.NotPublicTestCase","metrics":[{"name":"duplicated_lines","value":0.0},{"name":"duplicated_lines_density","value":0.0}]},{"name":"src.test.java.junit.tests.framework.NotVoidTestCase","metrics":[{"name":"duplicated_lines","value":0.0},{"name":"duplicated_lines_density","value":0.0}]},{"name":"org.junit.internal.builders.NullBuilder","metrics":[{"name":"coverage","value":0.0},{"name":"duplicated_lines","value":0.0},{"name":"duplicated_lines_density","value":0.0}]},{"name":"src.test.java.org.junit.tests.ObjectContractTest","metrics":[{"name":"duplicated_lines","value":0.0},{"name":"duplicated_lines_density","value":0.0}]},{"name":"src.test.java.org.junit.tests.junit3compatibility.OldTestClassAdaptingListenerTest","metrics":[{"name":"duplicated_lines","value":0.0},{"name":"duplicated_lines_density","value":0.0}]},{"name":"src.test.java.org.junit.tests.junit3compatibility.OldTests","metrics":[{"name":"duplicated_lines","value":0.0},{"name":"duplicated_lines_density","value":0.0}]},{"name":"src.test.java.junit.tests.framework.OneTestCase","metrics":[{"name":"duplicated_lines","value":0.0},{"name":"duplicated_lines_density","value":0.0}]},{"name":"org.junit.runner.manipulation.Orderable","metrics":[{"name":"duplicated_lines","value":0.0},{"name":"duplicated_lines_density","value":0.0}]},{"name":"src.test.java.org.junit.tests.manipulation.OrderableTest","metrics":[{"name":"duplicated_lines","value":0.0},{"name":"duplicated_lines_density","value":0.0}]},{"name":"org.junit.runner.manipulation.Orderer","metrics":[{"name":"coverage","value":73.3},{"name":"duplicated_lines","value":0.0},{"name":"duplicated_lines_density","value":0.0}]},{"name":"org.junit.runner.manipulation.Ordering","metrics":[{"name":"coverage","value":48.0},{"name":"duplicated_lines","value":0.0},{"name":"duplicated_lines_density","value":0.0}]},{"name":"org.junit.internal.requests.OrderingRequest","metrics":[{"name":"coverage","value":80.0},{"name":"duplicated_lines","value":0.0},{"name":"duplicated_lines_density","value":0.0}]},{"name":"org.junit.runner.OrderWith","metrics":[{"name":"duplicated_lines","value":0.0},{"name":"duplicated_lines_density","value":0.0}]},{"name":"src.test.java.org.junit.tests.manipulation.OrderWithTest","metrics":[{"name":"duplicated_lines","value":0.0},{"name":"duplicated_lines_density","value":0.0}]},{"name":"org.junit.runner.OrderWithValidator","metrics":[{"name":"coverage","value":100.0},{"name":"duplicated_lines","value":0.0},{"name":"duplicated_lines_density","value":0.0}]},{"name":"src.test.java.org.junit.runner.OrderWithValidatorTest","metrics":[{"name":"duplicated_lines","value":0.0},{"name":"duplicated_lines_density","value":0.0}]},{"name":"org.junit","metrics":[{"name":"coverage","value":87.8},{"name":"duplicated_lines","value":62.0},{"name":"duplicated_lines_density","value":0.4}]},{"name":"src.test.java.org.junit","metrics":[{"name":"duplicated_lines","value":0.0}]},{"name":"src.test.java.junit.tests.framework.OverrideTestCase","metrics":[{"name":"duplicated_lines","value":0.0},{"name":"duplicated_lines_density","value":0.0}]},{"name":"junit.runner.package-info","metrics":[{"name":"duplicated_lines","value":0.0},{"name":"duplicated_lines_density","value":0.0}]},{"name":"junit.framework.package-info","metrics":[{"name":"duplicated_lines","value":0.0},{"name":"duplicated_lines_density","value":0.0}]},{"name":"junit.extensions.package-info","metrics":[{"name":"duplicated_lines","value":0.0},{"name":"duplicated_lines_density","value":0.0}]},{"name":"junit.textui.package-info","metrics":[{"name":"duplicated_lines","value":0.0},{"name":"duplicated_lines_density","value":0.0}]},{"name":"org.junit.runner.manipulation.package-info","metrics":[{"name":"duplicated_lines","value":0.0},{"name":"duplicated_lines_density","value":0.0}]},{"name":"org.junit.runner.notification.package-info","metrics":[{"name":"duplicated_lines","value":0.0},{"name":"duplicated_lines_density","value":0.0}]},{"name":"org.junit.runner.package-info","metrics":[{"name":"duplicated_lines","value":0.0},{"name":"duplicated_lines_density","value":0.0}]},{"name":"org.junit.internal.runners.package-info","metrics":[{"name":"duplicated_lines","value":0.0},{"name":"duplicated_lines_density","value":0.0}]},{"name":"org.junit.internal.requests.package-info","metrics":[{"name":"duplicated_lines","value":0.0},{"name":"duplicated_lines_density","value":0.0}]},{"name":"org.junit.runners.package-info","metrics":[{"name":"duplicated_lines","value":0.0},{"name":"duplicated_lines_density","value":0.0}]},{"name":"org.junit.matchers.package-info","metrics":[{"name":"duplicated_lines","value":0.0},{"name":"duplicated_lines_density","value":0.0}]},{"name":"org.junit.package-info","metrics":[{"name":"duplicated_lines","value":0.0},{"name":"duplicated_lines_density","value":0.0}]},{"name":"src.test.java.junit.tests.extensions.package-info","metrics":[{"name":"duplicated_lines","value":0.0},{"name":"duplicated_lines_density","value":0.0}]},{"name":"src.test.java.junit.tests.package-info","metrics":[{"name":"duplicated_lines","value":0.0},{"name":"duplicated_lines_density","value":0.0}]},{"name":"src.test.java.junit.tests.framework.package-info","metrics":[{"name":"duplicated_lines","value":0.0},{"name":"duplicated_lines_density","value":0.0}]},{"name":"src.test.java.junit.tests.runner.package-info","metrics":[{"name":"duplicated_lines","value":0.0},{"name":"duplicated_lines_density","value":0.0}]},{"name":"src.test.java.junit.samples.money.package-info","metrics":[{"name":"duplicated_lines","value":0.0},{"name":"duplicated_lines_density","value":0.0}]},{"name":"src.test.java.junit.samples.package-info","metrics":[{"name":"duplicated_lines","value":0.0},{"name":"duplicated_lines_density","value":0.0}]},{"name":"src.test.java.org.junit.tests.package-info","metrics":[{"name":"duplicated_lines","value":0.0},{"name":"duplicated_lines_density","value":0.0}]},{"name":"src.test.java.org.junit.samples.money.package-info","metrics":[{"name":"duplicated_lines","value":0.0},{"name":"duplicated_lines_density","value":0.0}]},{"name":"src.test.java.org.junit.samples.package-info","metrics":[{"name":"duplicated_lines","value":0.0},{"name":"duplicated_lines_density","value":0.0}]},{"name":"src.test.java.org.junit.tests.experimental.parallel","metrics":[{"name":"duplicated_lines","value":0.0}]},{"name":"src.test.java.org.junit.tests.experimental.parallel.ParallelClassTest","metrics":[{"name":"duplicated_lines","value":0.0},{"name":"duplicated_lines_density","value":0.0}]},{"name":"org.junit.experimental.ParallelComputer","metrics":[{"name":"coverage","value":89.3},{"name":"duplicated_lines","value":0.0},{"name":"duplicated_lines_density","value":0.0}]},{"name":"src.test.java.org.junit.tests.experimental.parallel.ParallelMethodTest","metrics":[{"name":"duplicated_lines","value":0.0},{"name":"duplicated_lines_density","value":0.0}]},{"name":"org.junit.runners.parameterized","metrics":[{"name":"coverage","value":92.1},{"name":"duplicated_lines","value":0.0},{"name":"duplicated_lines_density","value":0.0}]},{"name":"src.test.java.org.junit.runners.parameterized","metrics":[{"name":"duplicated_lines","value":0.0}]},{"name":"org.junit.runners.Parameterized","metrics":[{"name":"coverage","value":97.2},{"name":"duplicated_lines","value":0.0},{"name":"duplicated_lines_density","value":0.0}]},{"name":"org.junit.experimental.theories.internal.ParameterizedAssertionError","metrics":[{"name":"coverage","value":100.0},{"name":"duplicated_lines","value":0.0},{"name":"duplicated_lines_density","value":0.0}]},{"name":"src.test.java.org.junit.tests.experimental.theories.internal.ParameterizedAssertionErrorTest","metrics":[{"name":"duplicated_lines","value":0.0},{"name":"duplicated_lines_density","value":0.0}]},{"name":"src.test.java.org.junit.runners.parameterized.ParameterizedNamesTest","metrics":[{"name":"duplicated_lines","value":0.0},{"name":"duplicated_lines_density","value":0.0}]},{"name":"src.test.java.org.junit.tests.running.methods.ParameterizedTestMethodTest","metrics":[{"name":"duplicated_lines","value":0.0},{"name":"duplicated_lines_density","value":0.0}]},{"name":"src.test.java.org.junit.tests.running.classes.ParameterizedTestTest","metrics":[{"name":"duplicated_lines","value":0.0},{"name":"duplicated_lines_density","value":0.0}]},{"name":"org.junit.experimental.theories.ParameterSignature","metrics":[{"name":"coverage","value":90.9},{"name":"duplicated_lines","value":0.0},{"name":"duplicated_lines_density","value":0.0}]},{"name":"src.test.java.org.junit.tests.experimental.theories.ParameterSignatureTest","metrics":[{"name":"duplicated_lines","value":0.0},{"name":"duplicated_lines_density","value":0.0}]},{"name":"org.junit.runners.parameterized.ParametersRunnerFactory","metrics":[{"name":"duplicated_lines","value":0.0},{"name":"duplicated_lines_density","value":0.0}]},{"name":"org.junit.experimental.theories.ParametersSuppliedBy","metrics":[{"name":"duplicated_lines","value":0.0},{"name":"duplicated_lines_density","value":0.0}]},{"name":"org.junit.experimental.theories.ParameterSupplier","metrics":[{"name":"coverage","value":100.0},{"name":"duplicated_lines","value":0.0},{"name":"duplicated_lines_density","value":0.0}]},{"name":"src.test.java.org.junit.tests.running.classes.parent","metrics":[{"name":"duplicated_lines","value":0.0}]},{"name":"org.junit.runners.ParentRunner","metrics":[{"name":"coverage","value":98.8},{"name":"duplicated_lines","value":0.0},{"name":"duplicated_lines_density","value":0.0}]},{"name":"src.test.java.org.junit.tests.running.classes.parent.ParentRunnerClassLoaderTest","metrics":[{"name":"duplicated_lines","value":0.0},{"name":"duplicated_lines_density","value":0.0}]},{"name":"src.test.java.org.junit.tests.running.classes.ParentRunnerFilteringTest","metrics":[{"name":"duplicated_lines","value":0.0},{"name":"duplicated_lines_density","value":0.0}]},{"name":"src.test.java.org.junit.tests.running.classes.ParentRunnerTest","metrics":[{"name":"duplicated_lines","value":0.0},{"name":"duplicated_lines_density","value":0.0}]},{"name":"pom.xml","metrics":[{"name":"duplicated_lines","value":0.0},{"name":"duplicated_lines_density","value":0.0}]},{"name":"org.junit.experimental.theories.PotentialAssignment","metrics":[{"name":"coverage","value":83.3},{"name":"duplicated_lines","value":0.0},{"name":"duplicated_lines_density","value":0.0}]},{"name":"src.test.java.org.junit.tests.experimental.theories.PotentialAssignmentTest","metrics":[{"name":"duplicated_lines","value":0.0},{"name":"duplicated_lines_density","value":0.0}]},{"name":"org.junit.experimental.results.PrintableResult","metrics":[{"name":"coverage","value":91.7},{"name":"duplicated_lines","value":0.0},{"name":"duplicated_lines_density","value":0.0}]},{"name":"src.test.java.org.junit.tests.experimental.results.PrintableResultTest","metrics":[{"name":"duplicated_lines","value":0.0},{"name":"duplicated_lines_density","value":0.0}]},{"name":"junit.framework.Protectable","metrics":[{"name":"duplicated_lines","value":0.0},{"name":"duplicated_lines_density","value":0.0}]},{"name":"org.junit.validator.PublicClassValidator","metrics":[{"name":"coverage","value":100.0},{"name":"duplicated_lines","value":0.0},{"name":"duplicated_lines_density","value":0.0}]},{"name":"src.test.java.org.junit.validator.PublicClassValidatorTest","metrics":[{"name":"duplicated_lines","value":0.0},{"name":"duplicated_lines_density","value":0.0}]},{"name":"org.junit.internal.RealSystem","metrics":[{"name":"coverage","value":50.0},{"name":"duplicated_lines","value":0.0},{"name":"duplicated_lines_density","value":0.0}]},{"name":"org.junit.internal.runners.model.ReflectiveCallable","metrics":[{"name":"coverage","value":100.0},{"name":"duplicated_lines","value":0.0},{"name":"duplicated_lines_density","value":0.0}]},{"name":"org.junit.internal.management.ReflectiveRuntimeMXBean","metrics":[{"name":"coverage","value":0.0},{"name":"duplicated_lines","value":0.0},{"name":"duplicated_lines_density","value":0.0}]},{"name":"org.junit.internal.management.ReflectiveThreadMXBean","metrics":[{"name":"coverage","value":46.3},{"name":"duplicated_lines","value":0.0},{"name":"duplicated_lines_density","value":0.0}]},{"name":"src.test.java.org.junit.tests.experimental.theories.extendingwithstubs.ReguessableValue","metrics":[{"name":"duplicated_lines","value":0.0},{"name":"duplicated_lines_density","value":0.0}]},{"name":"junit.extensions.RepeatedTest","metrics":[{"name":"coverage","value":83.3},{"name":"duplicated_lines","value":0.0},{"name":"duplicated_lines_density","value":0.0}]},{"name":"src.test.java.junit.tests.extensions.RepeatedTestTest","metrics":[{"name":"duplicated_lines","value":0.0},{"name":"duplicated_lines_density","value":0.0}]},{"name":"org.junit.runner.Request","metrics":[{"name":"coverage","value":100.0},{"name":"duplicated_lines","value":0.0},{"name":"duplicated_lines_density","value":0.0}]},{"name":"org.junit.internal.requests","metrics":[{"name":"coverage","value":94.7},{"name":"duplicated_lines","value":0.0},{"name":"duplicated_lines_density","value":0.0}]},{"name":"src.test.java.org.junit.runner.RequestTest","metrics":[{"name":"duplicated_lines","value":0.0},{"name":"duplicated_lines_density","value":0.0}]},{"name":"org.junit.runner.Result","metrics":[{"name":"coverage","value":100.0},{"name":"duplicated_lines","value":0.0},{"name":"duplicated_lines_density","value":0.0}]},{"name":"org.junit.experimental.results.ResultMatchers","metrics":[{"name":"coverage","value":64.7},{"name":"duplicated_lines","value":0.0},{"name":"duplicated_lines_density","value":0.0}]},{"name":"src.test.java.org.junit.tests.experimental.results.ResultMatchersTest","metrics":[{"name":"duplicated_lines","value":0.0},{"name":"duplicated_lines_density","value":0.0}]},{"name":"junit.textui.ResultPrinter","metrics":[{"name":"coverage","value":64.7},{"name":"duplicated_lines","value":0.0},{"name":"duplicated_lines_density","value":0.0}]},{"name":"org.junit.experimental.results","metrics":[{"name":"coverage","value":75.0},{"name":"duplicated_lines","value":0.0},{"name":"duplicated_lines_density","value":0.0}]},{"name":"src.test.java.org.junit.tests.experimental.results","metrics":[{"name":"duplicated_lines","value":0.0}]},{"name":"src.test.java.junit.tests.runner.ResultTest","metrics":[{"name":"duplicated_lines","value":0.0},{"name":"duplicated_lines_density","value":0.0}]},{"name":"src.test.java.org.junit.tests.manipulation.ReverseAlphanumericOrdering","metrics":[{"name":"duplicated_lines","value":0.0},{"name":"duplicated_lines_density","value":0.0}]},{"name":"src.test.java.org.junit.tests.manipulation.ReverseAlphanumericSorter","metrics":[{"name":"duplicated_lines","value":0.0},{"name":"duplicated_lines_density","value":0.0}]},{"name":"org.junit.Rule","metrics":[{"name":"duplicated_lines","value":0.0},{"name":"duplicated_lines_density","value":0.0}]},{"name":"org.junit.rules.RuleChain","metrics":[{"name":"coverage","value":100.0},{"name":"duplicated_lines","value":0.0},{"name":"duplicated_lines_density","value":0.0}]},{"name":"src.test.java.org.junit.rules.RuleChainTest","metrics":[{"name":"duplicated_lines","value":0.0},{"name":"duplicated_lines_density","value":0.0}]},{"name":"org.junit.runners.RuleContainer","metrics":[{"name":"coverage","value":98.5},{"name":"duplicated_lines","value":0.0},{"name":"duplicated_lines_density","value":0.0}]},{"name":"src.test.java.org.junit.runners.RuleContainerTest","metrics":[{"name":"duplicated_lines","value":0.0},{"name":"duplicated_lines_density","value":0.0}]},{"name":"org.junit.internal.runners.rules.RuleMemberValidator","metrics":[{"name":"coverage","value":98.3},{"name":"duplicated_lines","value":0.0},{"name":"duplicated_lines_density","value":0.0}]},{"name":"src.test.java.org.junit.rules.RuleMemberValidatorTest","metrics":[{"name":"duplicated_lines","value":0.0},{"name":"duplicated_lines_density","value":0.0}]},{"name":"org.junit.internal.runners.rules","metrics":[{"name":"coverage","value":98.3},{"name":"duplicated_lines","value":0.0},{"name":"duplicated_lines_density","value":0.0}]},{"name":"org.junit.rules","metrics":[{"name":"coverage","value":85.7},{"name":"duplicated_lines","value":0.0},{"name":"duplicated_lines_density","value":0.0}]},{"name":"src.test.java.org.junit.rules","metrics":[{"name":"duplicated_lines","value":0.0}]},{"name":"org.junit.internal.runners.statements.RunAfters","metrics":[{"name":"coverage","value":100.0},{"name":"duplicated_lines","value":0.0},{"name":"duplicated_lines_density","value":0.0}]},{"name":"org.junit.internal.runners.statements.RunBefores","metrics":[{"name":"coverage","value":100.0},{"name":"duplicated_lines","value":0.0},{"name":"duplicated_lines_density","value":0.0}]},{"name":"org.junit.runner.notification.RunListener","metrics":[{"name":"coverage","value":100.0},{"name":"duplicated_lines","value":0.0},{"name":"duplicated_lines_density","value":0.0}]},{"name":"junit.runner","metrics":[{"name":"coverage","value":42.6},{"name":"duplicated_lines","value":0.0},{"name":"duplicated_lines_density","value":0.0}]},{"name":"org.junit.runner","metrics":[{"name":"coverage","value":89.3},{"name":"duplicated_lines","value":0.0},{"name":"duplicated_lines_density","value":0.0}]},{"name":"src.test.java.junit.tests.runner","metrics":[{"name":"duplicated_lines","value":0.0}]},{"name":"src.test.java.org.junit.tests.experimental.theories.runner","metrics":[{"name":"duplicated_lines","value":0.0}]},{"name":"src.test.java.org.junit.runner","metrics":[{"name":"duplicated_lines","value":0.0}]},{"name":"org.junit.runner.Runner","metrics":[{"name":"coverage","value":100.0},{"name":"duplicated_lines","value":0.0},{"name":"duplicated_lines_density","value":0.0}]},{"name":"org.junit.runners.model.RunnerBuilder","metrics":[{"name":"coverage","value":94.9},{"name":"duplicated_lines","value":0.0},{"name":"duplicated_lines_density","value":0.0}]},{"name":"src.test.java.org.junit.runners.model.RunnerBuilderStub","metrics":[{"name":"duplicated_lines","value":0.0},{"name":"duplicated_lines_density","value":0.0}]},{"name":"org.junit.experimental.runners","metrics":[{"name":"coverage","value":100.0},{"name":"duplicated_lines","value":0.0},{"name":"duplicated_lines_density","value":0.0}]},{"name":"org.junit.internal.runners","metrics":[{"name":"coverage","value":80.5},{"name":"duplicated_lines","value":0.0},{"name":"duplicated_lines_density","value":0.0}]},{"name":"org.junit.runners","metrics":[{"name":"coverage","value":94.2},{"name":"duplicated_lines","value":0.0},{"name":"duplicated_lines_density","value":0.0}]},{"name":"src.test.java.org.junit.internal.runners","metrics":[{"name":"duplicated_lines","value":0.0}]},{"name":"src.test.java.org.junit.runners","metrics":[{"name":"duplicated_lines","value":0.0}]},{"name":"org.junit.runners.model.RunnerScheduler","metrics":[{"name":"duplicated_lines","value":0.0},{"name":"duplicated_lines_density","value":0.0}]},{"name":"src.test.java.org.junit.runner.RunnerSpy","metrics":[{"name":"duplicated_lines","value":0.0},{"name":"duplicated_lines_density","value":0.0}]},{"name":"src.test.java.org.junit.tests.listening.RunnerTest","metrics":[{"name":"duplicated_lines","value":0.0},{"name":"duplicated_lines_density","value":0.0}]},{"name":"src.test.java.org.junit.tests.running","metrics":[{"name":"duplicated_lines","value":0.0}]},{"name":"org.junit.runner.notification.RunNotifier","metrics":[{"name":"coverage","value":94.2},{"name":"duplicated_lines","value":0.0},{"name":"duplicated_lines_density","value":0.0}]},{"name":"src.test.java.org.junit.runner.notification.RunNotifierTest","metrics":[{"name":"duplicated_lines","value":0.0},{"name":"duplicated_lines_density","value":0.0}]},{"name":"org.junit.rules.RunRules","metrics":[{"name":"coverage","value":100.0},{"name":"duplicated_lines","value":0.0},{"name":"duplicated_lines_density","value":0.0}]},{"name":"org.junit.internal.management.RuntimeMXBean","metrics":[{"name":"duplicated_lines","value":0.0},{"name":"duplicated_lines_density","value":0.0}]},{"name":"org.junit.runner.RunWith","metrics":[{"name":"duplicated_lines","value":0.0},{"name":"duplicated_lines_density","value":0.0}]},{"name":"src.test.java.org.junit.tests.running.classes.RunWithTest","metrics":[{"name":"duplicated_lines","value":0.0},{"name":"duplicated_lines_density","value":0.0}]},{"name":"src.test.java.junit.tests.SampleJUnit3Tests","metrics":[{"name":"duplicated_lines","value":0.0},{"name":"duplicated_lines_density","value":0.0}]},{"name":"src.test.java.org.junit.tests.SampleJUnit4Tests","metrics":[{"name":"duplicated_lines","value":0.0},{"name":"duplicated_lines_density","value":0.0}]},{"name":"src.test.java.junit.samples","metrics":[{"name":"duplicated_lines","value":0.0}]},{"name":"src.test.java.org.junit.samples","metrics":[{"name":"duplicated_lines","value":0.0}]},{"name":"org.junit.internal.SerializableMatcherDescription","metrics":[{"name":"coverage","value":92.3},{"name":"duplicated_lines","value":0.0},{"name":"duplicated_lines_density","value":0.0}]},{"name":"org.junit.internal.SerializableValueDescription","metrics":[{"name":"coverage","value":100.0},{"name":"duplicated_lines","value":0.0},{"name":"duplicated_lines_density","value":0.0}]},{"name":"src.test.java.junit.samples.SimpleTest","metrics":[{"name":"duplicated_lines","value":0.0},{"name":"duplicated_lines_density","value":0.0}]},{"name":"src.test.java.org.junit.samples.SimpleTest","metrics":[{"name":"duplicated_lines","value":0.0},{"name":"duplicated_lines_density","value":0.0}]},{"name":"src.test.java.org.junit.tests.manipulation.SingleMethodTest","metrics":[{"name":"duplicated_lines","value":0.0},{"name":"duplicated_lines_density","value":0.0}]},{"name":"org.junit.runner.manipulation.Sortable","metrics":[{"name":"duplicated_lines","value":0.0},{"name":"duplicated_lines_density","value":0.0}]},{"name":"src.test.java.org.junit.tests.manipulation.SortableTest","metrics":[{"name":"duplicated_lines","value":0.0},{"name":"duplicated_lines_density","value":0.0}]},{"name":"org.junit.runner.manipulation.Sorter","metrics":[{"name":"coverage","value":68.8},{"name":"duplicated_lines","value":0.0},{"name":"duplicated_lines_density","value":0.0}]},{"name":"org.junit.internal.requests.SortingRequest","metrics":[{"name":"coverage","value":100.0},{"name":"duplicated_lines","value":0.0},{"name":"duplicated_lines_density","value":0.0}]},{"name":"org.junit.experimental.theories.internal.SpecificDataPointsSupplier","metrics":[{"name":"coverage","value":100.0},{"name":"duplicated_lines","value":0.0},{"name":"duplicated_lines_density","value":0.0}]},{"name":"src.test.java.org.junit.tests.experimental.theories.internal.SpecificDataPointsSupplierTest","metrics":[{"name":"duplicated_lines","value":0.0},{"name":"duplicated_lines_density","value":0.0}]},{"name":"src","metrics":[{"name":"coverage","value":84.9},{"name":"duplicated_lines","value":108.0},{"name":"duplicated_lines_density","value":0.5}]},{"name":"src.test.java.junit.tests.runner.StackFilterTest","metrics":[{"name":"duplicated_lines","value":0.0},{"name":"duplicated_lines_density","value":0.0}]},{"name":"org.junit.internal.matchers.StacktracePrintingMatcher","metrics":[{"name":"coverage","value":100.0},{"name":"duplicated_lines","value":0.0},{"name":"duplicated_lines_density","value":0.0}]},{"name":"src.test.java.org.junit.internal.matchers.StacktracePrintingMatcherTest","metrics":[{"name":"duplicated_lines","value":0.0},{"name":"duplicated_lines_density","value":0.0}]},{"name":"src.test.java.org.junit.internal.StackTracesTest","metrics":[{"name":"duplicated_lines","value":0.0},{"name":"duplicated_lines_density","value":0.0}]},{"name":"org.junit.runners.model.Statement","metrics":[{"name":"coverage","value":100.0},{"name":"duplicated_lines","value":0.0},{"name":"duplicated_lines_density","value":0.0}]},{"name":"org.junit.internal.runners.statements","metrics":[{"name":"coverage","value":88.6},{"name":"duplicated_lines","value":0.0},{"name":"duplicated_lines_density","value":0.0}]},{"name":"src.test.java.org.junit.internal.runners.statements","metrics":[{"name":"duplicated_lines","value":0.0}]},{"name":"org.junit.runner.notification.StoppedByUserException","metrics":[{"name":"coverage","value":100.0},{"name":"duplicated_lines","value":0.0},{"name":"duplicated_lines_density","value":0.0}]},{"name":"org.junit.rules.Stopwatch","metrics":[{"name":"coverage","value":78.6},{"name":"duplicated_lines","value":0.0},{"name":"duplicated_lines_density","value":0.0}]},{"name":"src.test.java.org.junit.rules.StopwatchTest","metrics":[{"name":"duplicated_lines","value":0.0},{"name":"duplicated_lines_density","value":0.0}]},{"name":"src.test.java.org.junit.tests.experimental.theories.extendingwithstubs.StringableObject","metrics":[{"name":"duplicated_lines","value":0.0},{"name":"duplicated_lines_density","value":0.0}]},{"name":"src.test.java.org.junit.tests.experimental.theories.extendingwithstubs.Stub","metrics":[{"name":"duplicated_lines","value":0.0},{"name":"duplicated_lines_density","value":0.0}]},{"name":"src.test.java.org.junit.tests.experimental.theories.extendingwithstubs.StubbedTheories","metrics":[{"name":"duplicated_lines","value":0.0},{"name":"duplicated_lines_density","value":0.0}]},{"name":"src.test.java.org.junit.tests.experimental.theories.extendingwithstubs.StubbedTheoriesTest","metrics":[{"name":"duplicated_lines","value":0.0},{"name":"duplicated_lines_density","value":0.0}]},{"name":"src.test.java.org.junit.tests.validation.anotherpackage.Sub","metrics":[{"name":"duplicated_lines","value":0.0},{"name":"duplicated_lines_density","value":0.0}]},{"name":"src.test.java.junit.tests.framework.Success","metrics":[{"name":"duplicated_lines","value":0.0},{"name":"duplicated_lines_density","value":0.0}]},{"name":"src.test.java.org.junit.tests.experimental.theories.runner.SuccessfulWithDataPointFields","metrics":[{"name":"duplicated_lines","value":0.0},{"name":"duplicated_lines_density","value":0.0}]},{"name":"org.junit.runners.Suite","metrics":[{"name":"coverage","value":87.5},{"name":"duplicated_lines","value":0.0},{"name":"duplicated_lines_density","value":0.0}]},{"name":"src.test.java.org.junit.tests.description.SuiteDescriptionTest","metrics":[{"name":"duplicated_lines","value":0.0},{"name":"duplicated_lines_density","value":0.0}]},{"name":"org.junit.internal.runners.SuiteMethod","metrics":[{"name":"coverage","value":85.7},{"name":"duplicated_lines","value":0.0},{"name":"duplicated_lines_density","value":0.0}]},{"name":"org.junit.internal.builders.SuiteMethodBuilder","metrics":[{"name":"coverage","value":100.0},{"name":"duplicated_lines","value":0.0},{"name":"duplicated_lines_density","value":0.0}]},{"name":"src.test.java.org.junit.tests.junit3compatibility.SuiteMethodTest","metrics":[{"name":"duplicated_lines","value":0.0},{"name":"duplicated_lines_density","value":0.0}]},{"name":"src.test.java.junit.tests.framework.SuiteTest","metrics":[{"name":"duplicated_lines","value":0.0},{"name":"duplicated_lines_density","value":0.0}]},{"name":"src.test.java.org.junit.tests.running.classes.SuiteTest","metrics":[{"name":"duplicated_lines","value":0.0},{"name":"duplicated_lines_density","value":0.0}]},{"name":"src.test.java.org.junit.tests.validation.anotherpackage.Super","metrics":[{"name":"duplicated_lines","value":0.0},{"name":"duplicated_lines_density","value":0.0}]},{"name":"org.junit.experimental.theories.suppliers","metrics":[{"name":"coverage","value":100.0},{"name":"duplicated_lines","value":0.0},{"name":"duplicated_lines_density","value":0.0}]},{"name":"org.junit.runner.notification.SynchronizedRunListener","metrics":[{"name":"coverage","value":96.2},{"name":"duplicated_lines","value":0.0},{"name":"duplicated_lines_density","value":0.0}]},{"name":"src.test.java.org.junit.runner.notification.SynchronizedRunListenerTest","metrics":[{"name":"duplicated_lines","value":0.0},{"name":"duplicated_lines_density","value":0.0}]},{"name":"src.test.java.org.junit.tests.running.core.SystemExitTest","metrics":[{"name":"duplicated_lines","value":0.0},{"name":"duplicated_lines_density","value":0.0}]},{"name":"src.test.java.org.junit.rules.TempFolderRuleTest","metrics":[{"name":"duplicated_lines","value":0.0},{"name":"duplicated_lines_density","value":0.0}]},{"name":"org.junit.rules.TemporaryFolder","metrics":[{"name":"coverage","value":72.1},{"name":"duplicated_lines","value":0.0},{"name":"duplicated_lines_density","value":0.0}]},{"name":"src.test.java.org.junit.rules.TemporaryFolderRuleAssuredDeletionTest","metrics":[{"name":"duplicated_lines","value":0.0},{"name":"duplicated_lines_density","value":0.0}]},{"name":"src.test.java.org.junit.rules.TemporaryFolderUsageTest","metrics":[{"name":"duplicated_lines","value":0.0},{"name":"duplicated_lines_density","value":0.0}]},{"name":"junit.framework.Test","metrics":[{"name":"duplicated_lines","value":0.0},{"name":"duplicated_lines_density","value":0.0}]},{"name":"org.junit.Test","metrics":[{"name":"duplicated_lines","value":0.0},{"name":"duplicated_lines_density","value":0.0}]},{"name":"src.test.java","metrics":[{"name":"duplicated_lines","value":0.0}]},{"name":"junit.framework.TestCase","metrics":[{"name":"coverage","value":61.7},{"name":"duplicated_lines","value":0.0},{"name":"duplicated_lines_density","value":0.0}]},{"name":"src.test.java.junit.tests.framework.TestCaseTest","metrics":[{"name":"duplicated_lines","value":0.0},{"name":"duplicated_lines_density","value":0.0}]},{"name":"org.junit.internal.runners.TestClass","metrics":[{"name":"coverage","value":76.5},{"name":"duplicated_lines","value":0.0},{"name":"duplicated_lines_density","value":0.0}]},{"name":"org.junit.runners.model.TestClass","metrics":[{"name":"coverage","value":93.8},{"name":"duplicated_lines","value":0.0},{"name":"duplicated_lines_density","value":0.0}]},{"name":"src.test.java.org.junit.runners.model.TestClassTest","metrics":[{"name":"duplicated_lines","value":0.0},{"name":"duplicated_lines_density","value":0.0}]},{"name":"org.junit.validator.TestClassValidator","metrics":[{"name":"duplicated_lines","value":0.0},{"name":"duplicated_lines_density","value":0.0}]},{"name":"org.junit.TestCouldNotBeSkippedException","metrics":[{"name":"coverage","value":100.0},{"name":"duplicated_lines","value":0.0},{"name":"duplicated_lines_density","value":0.0}]},{"name":"junit.extensions.TestDecorator","metrics":[{"name":"coverage","value":90.0},{"name":"duplicated_lines","value":0.0},{"name":"duplicated_lines_density","value":0.0}]},{"name":"src.test.java.org.junit.tests.description.TestDescriptionMethodNameTest","metrics":[{"name":"duplicated_lines","value":0.0},{"name":"duplicated_lines_density","value":0.0}]},{"name":"src.test.java.org.junit.tests.description.TestDescriptionTest","metrics":[{"name":"duplicated_lines","value":0.0},{"name":"duplicated_lines_density","value":0.0}]},{"name":"org.junit.experimental.theories.suppliers.TestedOn","metrics":[{"name":"duplicated_lines","value":0.0},{"name":"duplicated_lines_density","value":0.0}]},{"name":"org.junit.experimental.theories.suppliers.TestedOnSupplier","metrics":[{"name":"coverage","value":100.0},{"name":"duplicated_lines","value":0.0},{"name":"duplicated_lines_density","value":0.0}]},{"name":"src.test.java.org.junit.tests.experimental.theories.TestedOnSupplierTest","metrics":[{"name":"duplicated_lines","value":0.0},{"name":"duplicated_lines_density","value":0.0}]},{"name":"junit.framework.TestFailure","metrics":[{"name":"coverage","value":60.0},{"name":"duplicated_lines","value":0.0},{"name":"duplicated_lines_density","value":0.0}]},{"name":"src.test.java.junit.tests.framework.TestImplementorTest","metrics":[{"name":"duplicated_lines","value":0.0},{"name":"duplicated_lines_density","value":0.0}]},{"name":"junit.framework.TestListener","metrics":[{"name":"duplicated_lines","value":0.0},{"name":"duplicated_lines_density","value":0.0}]},{"name":"src.test.java.junit.tests.framework.TestListenerTest","metrics":[{"name":"duplicated_lines","value":0.0},{"name":"duplicated_lines_density","value":0.0}]},{"name":"src.test.java.org.junit.tests.listening.TestListenerTest","metrics":[{"name":"duplicated_lines","value":0.0},{"name":"duplicated_lines_density","value":0.0}]},{"name":"org.junit.internal.runners.TestMethod","metrics":[{"name":"coverage","value":68.8},{"name":"duplicated_lines","value":0.0},{"name":"duplicated_lines_density","value":0.0}]},{"name":"src.test.java.org.junit.tests.running.methods.TestMethodTest","metrics":[{"name":"duplicated_lines","value":0.0},{"name":"duplicated_lines_density","value":0.0}]},{"name":"org.junit.rules.TestName","metrics":[{"name":"coverage","value":100.0},{"name":"duplicated_lines","value":0.0},{"name":"duplicated_lines_density","value":0.0}]},{"name":"junit.framework.TestResult","metrics":[{"name":"coverage","value":91.8},{"name":"duplicated_lines","value":0.0},{"name":"duplicated_lines_density","value":0.0}]},{"name":"org.junit.rules.TestRule","metrics":[{"name":"duplicated_lines","value":0.0},{"name":"duplicated_lines_density","value":0.0}]},{"name":"src.test.java.org.junit.rules.TestRuleTest","metrics":[{"name":"duplicated_lines","value":0.0},{"name":"duplicated_lines_density","value":0.0}]},{"name":"junit.runner.TestRunListener","metrics":[{"name":"duplicated_lines","value":0.0},{"name":"duplicated_lines_density","value":0.0}]},{"name":"junit.textui.TestRunner","metrics":[{"name":"coverage","value":52.1},{"name":"duplicated_lines","value":0.0},{"name":"duplicated_lines_density","value":0.0}]},{"name":"src.test.java.junit.tests","metrics":[{"name":"duplicated_lines","value":0.0}]},{"name":"src.test.java.org.junit.tests","metrics":[{"name":"duplicated_lines","value":0.0}]},{"name":"junit.extensions.TestSetup","metrics":[{"name":"coverage","value":100.0},{"name":"duplicated_lines","value":0.0},{"name":"duplicated_lines_density","value":0.0}]},{"name":"junit.framework.TestSuite","metrics":[{"name":"coverage","value":79.7},{"name":"duplicated_lines","value":0.0},{"name":"duplicated_lines_density","value":0.0}]},{"name":"src.test.java.org.junit.tests.TestSystem","metrics":[{"name":"duplicated_lines","value":0.0},{"name":"duplicated_lines_density","value":0.0}]},{"name":"org.junit.runners.model.TestTimedOutException","metrics":[{"name":"coverage","value":100.0},{"name":"duplicated_lines","value":0.0},{"name":"duplicated_lines_density","value":0.0}]},{"name":"org.junit.rules.TestWatcher","metrics":[{"name":"coverage","value":100.0},{"name":"duplicated_lines","value":0.0},{"name":"duplicated_lines_density","value":0.0}]},{"name":"src.test.java.org.junit.rules.TestWatcherTest","metrics":[{"name":"duplicated_lines","value":0.0},{"name":"duplicated_lines_density","value":0.0}]},{"name":"org.junit.rules.TestWatchman","metrics":[{"name":"coverage","value":87.5},{"name":"duplicated_lines","value":0.0},{"name":"duplicated_lines_density","value":0.0}]},{"name":"src.test.java.org.junit.rules.TestWatchmanTest","metrics":[{"name":"duplicated_lines","value":0.0},{"name":"duplicated_lines_density","value":0.0}]},{"name":"src.test.java.org.junit.tests.running.classes.parent.TestWithClassRule","metrics":[{"name":"duplicated_lines","value":0.0},{"name":"duplicated_lines_density","value":0.0}]},{"name":"org.junit.runners.parameterized.TestWithParameters","metrics":[{"name":"coverage","value":89.5},{"name":"duplicated_lines","value":0.0},{"name":"duplicated_lines_density","value":0.0}]},{"name":"src.test.java.org.junit.runners.parameterized.TestWithParametersTest","metrics":[{"name":"duplicated_lines","value":0.0},{"name":"duplicated_lines_density","value":0.0}]},{"name":"src.test.java.junit.tests.runner.TextFeedbackTest","metrics":[{"name":"duplicated_lines","value":0.0},{"name":"duplicated_lines_density","value":0.0}]},{"name":"org.junit.internal.TextListener","metrics":[{"name":"coverage","value":96.2},{"name":"duplicated_lines","value":0.0},{"name":"duplicated_lines_density","value":0.0}]},{"name":"src.test.java.org.junit.tests.listening.TextListenerTest","metrics":[{"name":"duplicated_lines","value":0.0},{"name":"duplicated_lines_density","value":0.0}]},{"name":"src.test.java.junit.tests.runner.TextRunnerSingleMethodTest","metrics":[{"name":"duplicated_lines","value":0.0},{"name":"duplicated_lines_density","value":0.0}]},{"name":"src.test.java.junit.tests.runner.TextRunnerTest","metrics":[{"name":"duplicated_lines","value":0.0},{"name":"duplicated_lines_density","value":0.0}]},{"name":"junit.textui","metrics":[{"name":"coverage","value":57.4},{"name":"duplicated_lines","value":0.0},{"name":"duplicated_lines_density","value":0.0}]},{"name":"org.junit.experimental.theories","metrics":[{"name":"coverage","value":95.1},{"name":"duplicated_lines","value":0.0},{"name":"duplicated_lines_density","value":0.0}]},{"name":"src.test.java.org.junit.tests.experimental.theories","metrics":[{"name":"duplicated_lines","value":0.0}]},{"name":"org.junit.experimental.theories.Theories","metrics":[{"name":"coverage","value":97.0},{"name":"duplicated_lines","value":0.0},{"name":"duplicated_lines_density","value":0.0}]},{"name":"src.test.java.org.junit.tests.experimental.theories.runner.TheoriesPerformanceTest","metrics":[{"name":"duplicated_lines","value":0.0},{"name":"duplicated_lines_density","value":0.0}]},{"name":"org.junit.experimental.theories.Theory","metrics":[{"name":"duplicated_lines","value":0.0},{"name":"duplicated_lines_density","value":0.0}]},{"name":"src.test.java.org.junit.tests.experimental.theories.TheoryTestUtils","metrics":[{"name":"duplicated_lines","value":0.0},{"name":"duplicated_lines_density","value":0.0}]},{"name":"org.junit.internal.management.ThreadMXBean","metrics":[{"name":"duplicated_lines","value":0.0},{"name":"duplicated_lines_density","value":0.0}]},{"name":"src.test.java.org.junit.tests.running.classes.ThreadsTest","metrics":[{"name":"duplicated_lines","value":0.0},{"name":"duplicated_lines_density","value":0.0}]},{"name":"src.test.java.junit.tests.framework.ThreeTestCases","metrics":[{"name":"duplicated_lines","value":0.0},{"name":"duplicated_lines_density","value":0.0}]},{"name":"org.junit.internal.matchers.ThrowableCauseMatcher","metrics":[{"name":"coverage","value":100.0},{"name":"duplicated_lines","value":0.0},{"name":"duplicated_lines_density","value":0.0}]},{"name":"src.test.java.org.junit.internal.matchers.ThrowableCauseMatcherTest","metrics":[{"name":"duplicated_lines","value":0.0},{"name":"duplicated_lines_density","value":0.0}]},{"name":"org.junit.internal.matchers.ThrowableMessageMatcher","metrics":[{"name":"coverage","value":100.0},{"name":"duplicated_lines","value":0.0},{"name":"duplicated_lines_density","value":0.0}]},{"name":"org.junit.internal.Throwables","metrics":[{"name":"coverage","value":91.5},{"name":"duplicated_lines","value":0.0},{"name":"duplicated_lines_density","value":0.0}]},{"name":"org.junit.function.ThrowingRunnable","metrics":[{"name":"duplicated_lines","value":0.0},{"name":"duplicated_lines_density","value":0.0}]},{"name":"org.junit.rules.Timeout","metrics":[{"name":"coverage","value":92.3},{"name":"duplicated_lines","value":0.0},{"name":"duplicated_lines_density","value":0.0}]},{"name":"src.test.java.org.junit.rules.TimeoutRuleTest","metrics":[{"name":"duplicated_lines","value":0.0},{"name":"duplicated_lines_density","value":0.0}]},{"name":"src.test.java.org.junit.tests.running.methods.TimeoutTest","metrics":[{"name":"duplicated_lines","value":0.0},{"name":"duplicated_lines_density","value":0.0}]},{"name":"src.test.java.org.junit.tests.experimental.theories.runner.TypeMatchingBetweenMultiDataPointsMethod","metrics":[{"name":"duplicated_lines","value":0.0},{"name":"duplicated_lines_density","value":0.0}]},{"name":"org.junit.internal.matchers.TypeSafeMatcher","metrics":[{"name":"coverage","value":0.0},{"name":"duplicated_lines","value":0.0},{"name":"duplicated_lines_density","value":0.0}]},{"name":"src.test.java.org.junit.tests.experimental.theories.runner.UnsuccessfulWithDataPointFields","metrics":[{"name":"duplicated_lines","value":0.0},{"name":"duplicated_lines_density","value":0.0}]},{"name":"src.test.java.org.junit.tests.listening.UserStopTest","metrics":[{"name":"duplicated_lines","value":0.0},{"name":"duplicated_lines_density","value":0.0}]},{"name":"src.test.java.org.junit.tests.running.classes.UseSuiteAsASuperclassTest","metrics":[{"name":"duplicated_lines","value":0.0},{"name":"duplicated_lines_density","value":0.0}]},{"name":"org.junit.validator.ValidateWith","metrics":[{"name":"duplicated_lines","value":0.0},{"name":"duplicated_lines_density","value":0.0}]},{"name":"src.test.java.org.junit.tests.validation","metrics":[{"name":"duplicated_lines","value":0.0}]},{"name":"org.junit.internal.runners.rules.ValidationError","metrics":[{"name":"coverage","value":100.0},{"name":"duplicated_lines","value":0.0},{"name":"duplicated_lines_density","value":0.0}]},{"name":"src.test.java.org.junit.tests.validation.ValidationTest","metrics":[{"name":"duplicated_lines","value":0.0},{"name":"duplicated_lines_density","value":0.0}]},{"name":"org.junit.validator","metrics":[{"name":"coverage","value":97.2},{"name":"duplicated_lines","value":0.0},{"name":"duplicated_lines_density","value":0.0}]},{"name":"src.test.java.org.junit.validator","metrics":[{"name":"duplicated_lines","value":0.0}]},{"name":"org.junit.rules.Verifier","metrics":[{"name":"coverage","value":83.3},{"name":"duplicated_lines","value":0.0},{"name":"duplicated_lines_density","value":0.0}]},{"name":"src.test.java.org.junit.rules.VerifierRuleTest","metrics":[{"name":"duplicated_lines","value":0.0},{"name":"duplicated_lines_density","value":0.0}]},{"name":"junit.runner.Version","metrics":[{"name":"coverage","value":33.3},{"name":"duplicated_lines","value":0.0},{"name":"duplicated_lines_density","value":0.0}]},{"name":"src.test.java.junit.tests.WasRun","metrics":[{"name":"duplicated_lines","value":0.0},{"name":"duplicated_lines_density","value":0.0}]},{"name":"src.test.java.org.junit.tests.experimental.theories.runner.WhenNoParametersMatch","metrics":[{"name":"duplicated_lines","value":0.0},{"name":"duplicated_lines_density","value":0.0}]},{"name":"src.test.java.org.junit.tests.experimental.theories.runner.WithAutoGeneratedDataPoints","metrics":[{"name":"duplicated_lines","value":0.0},{"name":"duplicated_lines_density","value":0.0}]},{"name":"src.test.java.org.junit.tests.experimental.theories.runner.WithDataPointMethod","metrics":[{"name":"duplicated_lines","value":0.0},{"name":"duplicated_lines_density","value":0.0}]},{"name":"src.test.java.org.junit.tests.experimental.theories.runner.WithExtendedParameterSources","metrics":[{"name":"duplicated_lines","value":0.0},{"name":"duplicated_lines_density","value":0.0}]},{"name":"src.test.java.org.junit.tests.experimental.theories.runner.WithNamedDataPoints","metrics":[{"name":"duplicated_lines","value":0.0},{"name":"duplicated_lines_density","value":0.0}]},{"name":"src.test.java.org.junit.tests.experimental.theories.runner.WithOnlyTestAnnotations","metrics":[{"name":"duplicated_lines","value":0.0},{"name":"duplicated_lines_density","value":0.0}]},{"name":"src.test.java.org.junit.tests.experimental.theories.runner.WithParameterSupplier","metrics":[{"name":"duplicated_lines","value":0.0},{"name":"duplicated_lines_density","value":0.0}]},{"name":"src.test.java.org.junit.tests.experimental.theories.runner.WithUnresolvedGenericTypeVariablesOnTheoryParms","metrics":[{"name":"duplicated_lines","value":0.0},{"name":"duplicated_lines_density","value":0.0}]}]